Compound,PitInLap,Count
HYPERSOFT,7,2
HYPERSOFT,17,1
HYPERSOFT,18,1
SUPERSOFT,29,1
SUPERSOFT,35,2
SUPERSOFT,40,2
SUPERSOFT,41,1
SUPERSOFT,45,1
ULTRASOFT,1,1
ULTRASOFT,7,2
ULTRASOFT,15,1
ULTRASOFT,16,1
ULTRASOFT,26,1
ULTRASOFT,27,1
ULTRASOFT,33,1
ULTRASOFT,37,1
SOFT,22,1
SOFT,27,1
SOFT,29,1
SUPERSOFT,1,1
SUPERSOFT,6,1
SUPERSOFT,20,1
SUPERSOFT,21,1
SUPERSOFT,25,1
SUPERSOFT,26,1
ULTRASOFT,14,1
ULTRASOFT,18,1
ULTRASOFT,19,1
ULTRASOFT,22,2
ULTRASOFT,23,1
ULTRASOFT,24,3
ULTRASOFT,25,2
ULTRASOFT,26,2
SOFT,34,1
SOFT,38,1
SOFT,40,1
SOFT,45,1
SOFT,52,1
SOFT,60,1
SOFT,65,2
SUPERSOFT,1,1
SUPERSOFT,15,6
SUPERSOFT,24,1
SUPERSOFT,25,1
SUPERSOFT,27,1
ULTRASOFT,15,5
ULTRASOFT,28,1
SOFT,1,1
SOFT,2,1
SOFT,18,1
SOFT,25,1
SOFT,39,2
SOFT,40,8
SUPERSOFT,1,3
SUPERSOFT,17,1
SUPERSOFT,22,1
SUPERSOFT,23,1
SUPERSOFT,24,1
SUPERSOFT,30,1
SUPERSOFT,37,1
SUPERSOFT,38,1
SUPERSOFT,39,1
SUPERSOFT,40,2
ULTRASOFT,1,1
ULTRASOFT,2,1
ULTRASOFT,12,1
ULTRASOFT,15,1
ULTRASOFT,22,1
ULTRASOFT,36,1
ULTRASOFT,39,2
ULTRASOFT,46,1
MEDIUM,32,1
MEDIUM,34,1
MEDIUM,35,1
MEDIUM,39,1
MEDIUM,40,1
SOFT,2,1
SOFT,3,1
SOFT,9,1
SOFT,10,1
SOFT,14,1
SOFT,22,1
SOFT,23,1
SOFT,25,1
SOFT,28,1
SOFT,30,1
SOFT,34,2
SOFT,39,1
SOFT,42,1
SUPERSOFT,10,1
SUPERSOFT,13,1
SUPERSOFT,15,3
SUPERSOFT,16,1
SUPERSOFT,17,1
SUPERSOFT,18,2
SUPERSOFT,19,1
SUPERSOFT,20,1
SUPERSOFT,26,1
SUPERSOFT,27,1
SUPERSOFT,29,1
SUPERSOFT,45,1
MEDIUM,1,1
MEDIUM,7,1
MEDIUM,8,1
MEDIUM,22,1
MEDIUM,28,1
SOFT,1,6
SOFT,2,2
SOFT,23,1
SOFT,24,1
SOFT,26,1
SOFT,28,1
SOFT,31,1
SUPERSOFT,1,9
SUPERSOFT,21,1
SUPERSOFT,22,1
SUPERSOFT,23,1
SUPERSOFT,24,1
SUPERSOFT,25,2
SUPERSOFT,26,2
SUPERSOFT,29,1
UNKNOWN,1,1
MEDIUM,20,1
MEDIUM,48,1
MEDIUM,49,1
MEDIUM,53,1
MEDIUM,54,1
MEDIUM,59,1
MEDIUM,65,1
SOFT,15,1
SOFT,16,1
SOFT,17,1
SOFT,25,1
SOFT,27,1
SOFT,28,1
SOFT,31,1
SOFT,32,1
SOFT,40,1
SOFT,41,1
SUPERSOFT,18,2
SUPERSOFT,19,1
SUPERSOFT,22,1
SUPERSOFT,32,1
SUPERSOFT,35,2
SUPERSOFT,39,2
SUPERSOFT,57,1
HARD,32,1
MEDIUM,17,1
MEDIUM,20,1
MEDIUM,30,2
MEDIUM,32,3
MEDIUM,33,4
SOFT,13,3
SOFT,17,1
SOFT,18,2
SOFT,19,1
SOFT,20,2
SOFT,21,3
SOFT,24,1
SOFT,25,2
SOFT,26,1
UNKNOWN,1,1
HYPERSOFT,9,1
HYPERSOFT,11,1
HYPERSOFT,13,1
HYPERSOFT,14,1
HYPERSOFT,16,1
HYPERSOFT,17,1
HYPERSOFT,23,1
SUPERSOFT,26,1
SUPERSOFT,41,1
SUPERSOFT,44,1
SUPERSOFT,48,1
ULTRASOFT,1,2
ULTRASOFT,16,1
ULTRASOFT,18,1
ULTRASOFT,19,1
ULTRASOFT,22,1
ULTRASOFT,32,1
ULTRASOFT,36,1
ULTRASOFT,37,1
ULTRASOFT,48,1
MEDIUM,20,1
MEDIUM,31,1
SOFT,11,1
SOFT,18,1
SOFT,19,1
SOFT,20,1
SOFT,21,1
SOFT,22,1
SOFT,23,1
SOFT,24,1
SOFT,27,1
SOFT,28,1
SOFT,29,2
SOFT,31,1
SOFT,33,1
SOFT,51,1
ULTRASOFT,10,1
ULTRASOFT,12,2
ULTRASOFT,13,1
ULTRASOFT,16,1
ULTRASOFT,17,2
ULTRASOFT,30,1
ULTRASOFT,31,4
ULTRASOFT,32,1
ULTRASOFT,46,1
SOFT,28,1
SOFT,37,1
SOFT,39,1
SOFT,40,1
SOFT,46,1
SUPERSOFT,1,2
SUPERSOFT,25,1
SUPERSOFT,28,1
SUPERSOFT,33,1
SUPERSOFT,35,1
SUPERSOFT,40,1
ULTRASOFT,1,3
ULTRASOFT,26,1
ULTRASOFT,28,1
ULTRASOFT,31,1
ULTRASOFT,34,2
ULTRASOFT,38,1
ULTRASOFT,51,1
INTERMEDIATE,46,1
INTERMEDIATE,47,1
INTERMEDIATE,48,1
INTERMEDIATE,53,1
INTERMEDIATE,55,3
INTERMEDIATE,56,1
MEDIUM,43,1
MEDIUM,50,2
MEDIUM,51,4
MEDIUM,52,2
SOFT,27,1
SOFT,28,2
SOFT,29,1
SOFT,31,1
SOFT,38,1
SOFT,42,1
SOFT,43,2
SOFT,46,1
SOFT,52,1
SOFT,53,1
SOFT,65,1
ULTRASOFT,14,1
ULTRASOFT,18,1
ULTRASOFT,20,3
ULTRASOFT,21,1
ULTRASOFT,22,1
ULTRASOFT,25,2
ULTRASOFT,28,1
ULTRASOFT,29,1
WET,46,1
MEDIUM,47,1
MEDIUM,50,1
SOFT,23,1
SOFT,25,1
SOFT,31,1
SOFT,38,1
SOFT,39,3
SOFT,40,1
SOFT,44,1
ULTRASOFT,6,1
ULTRASOFT,14,1
ULTRASOFT,15,1
ULTRASOFT,22,1
ULTRASOFT,24,1
ULTRASOFT,25,1
ULTRASOFT,29,1
ULTRASOFT,31,1
ULTRASOFT,32,1
MEDIUM,8,1
MEDIUM,30,1
MEDIUM,35,1
MEDIUM,38,1
MEDIUM,39,1
SOFT,2,1
SOFT,4,2
SOFT,5,1
SOFT,14,1
SOFT,23,3
SOFT,24,1
SOFT,26,1
SOFT,29,1
SOFT,32,1
SOFT,37,1
SUPERSOFT,17,1
SUPERSOFT,21,1
SUPERSOFT,24,1
SUPERSOFT,26,2
SUPERSOFT,28,1
SUPERSOFT,29,1
HYPERSOFT,5,1
HYPERSOFT,11,1
HYPERSOFT,12,1
HYPERSOFT,13,1
HYPERSOFT,16,1
SUPERSOFT,1,2
SUPERSOFT,26,1
SUPERSOFT,30,2
SUPERSOFT,43,1
SUPERSOFT,44,1
SUPERSOFT,47,2
SUPERSOFT,48,2
ULTRASOFT,10,1
ULTRASOFT,11,3
ULTRASOFT,12,2
ULTRASOFT,13,1
ULTRASOFT,17,2
ULTRASOFT,23,1
ULTRASOFT,24,1
ULTRASOFT,38,1
ULTRASOFT,60,1
ULTRASOFT,62,1
HYPERSOFT,7,1
HYPERSOFT,12,1
HYPERSOFT,13,1
HYPERSOFT,16,2
HYPERSOFT,17,3
HYPERSOFT,19,2
HYPERSOFT,21,1
HYPERSOFT,23,1
HYPERSOFT,37,1
HYPERSOFT,59,1
SUPERSOFT,34,1
SUPERSOFT,68,1
SUPERSOFT,72,1
ULTRASOFT,9,1
ULTRASOFT,14,1
ULTRASOFT,15,1
ULTRASOFT,17,2
ULTRASOFT,20,1
ULTRASOFT,47,1
ULTRASOFT,49,1
ULTRASOFT,50,1
ULTRASOFT,71,1
HYPERSOFT,3,1
HYPERSOFT,8,1
HYPERSOFT,9,1
HYPERSOFT,10,2
HYPERSOFT,11,1
HYPERSOFT,12,1
SOFT,4,2
SOFT,32,1
SOFT,35,1
SOFT,37,1
SOFT,39,1
SOFT,43,1
ULTRASOFT,5,1
ULTRASOFT,7,1
ULTRASOFT,10,1
ULTRASOFT,11,1
ULTRASOFT,12,1
ULTRASOFT,13,1
ULTRASOFT,14,1
ULTRASOFT,18,1
HYPERSOFT,14,2
HYPERSOFT,15,2
HYPERSOFT,16,2
HYPERSOFT,17,2
HYPERSOFT,22,1
HYPERSOFT,26,1
HYPERSOFT,27,1
HYPERSOFT,48,1
SOFT,36,1
SOFT,39,1
SOFT,40,1
SOFT,45,1
ULTRASOFT,3,1
ULTRASOFT,26,1
ULTRASOFT,33,1
ULTRASOFT,36,1
ULTRASOFT,37,1
ULTRASOFT,38,2
ULTRASOFT,43,1
ULTRASOFT,44,1
MEDIUM,24,1
MEDIUM,33,1
MEDIUM,35,1
MEDIUM,40,1
MEDIUM,41,2
MEDIUM,46,1
SOFT,17,1
SOFT,19,1
SOFT,20,2
SOFT,25,3
SOFT,26,1
SOFT,29,1
SOFT,32,1
SOFT,33,1
SOFT,34,2
SUPERSOFT,21,1
UNKNOWN,1,2
SOFT,5,1
SOFT,22,1
SOFT,29,1
SOFT,30,1
SOFT,31,1
SOFT,36,1
SOFT,37,1
SOFT,40,1
SUPERSOFT,1,2
SUPERSOFT,10,3
SUPERSOFT,11,1
SUPERSOFT,23,1
SUPERSOFT,24,1
SUPERSOFT,26,1
SUPERSOFT,27,1
SUPERSOFT,30,1
ULTRASOFT,1,2
ULTRASOFT,2,1
ULTRASOFT,21,1
ULTRASOFT,22,1
ULTRASOFT,23,1
ULTRASOFT,25,1
UNKNOWN,38,1
HARD,23,1
HARD,24,1
HARD,26,1
HARD,32,1
HARD,38,2
HARD,40,1
HARD,41,1
HARD,42,1
MEDIUM,1,1
MEDIUM,5,1
MEDIUM,12,1
MEDIUM,13,1
MEDIUM,18,1
MEDIUM,20,1
MEDIUM,22,1
MEDIUM,25,1
MEDIUM,26,1
MEDIUM,29,1
MEDIUM,37,1
SOFT,8,2
SOFT,11,1
SOFT,12,2
SOFT,18,1
SOFT,45,1
HARD,1,1
HARD,29,1
MEDIUM,26,2
MEDIUM,27,2
MEDIUM,28,1
MEDIUM,37,1
SOFT,1,1
SOFT,12,1
SOFT,13,2
SOFT,14,3
SOFT,15,3
SOFT,23,1
SOFT,25,1
SOFT,28,1
SOFT,42,1
SOFT,44,1
HARD,13,1
HARD,50,1
HARD,62,1
MEDIUM,19,1
MEDIUM,21,1
MEDIUM,25,1
MEDIUM,26,1
MEDIUM,27,1
MEDIUM,28,1
MEDIUM,30,1
MEDIUM,31,1
MEDIUM,32,1
MEDIUM,34,1
MEDIUM,35,1
MEDIUM,41,1
MEDIUM,46,1
SOFT,11,1
SOFT,21,1
SOFT,22,1
SOFT,23,1
SOFT,24,1
SOFT,25,2
MEDIUM,14,1
MEDIUM,23,1
MEDIUM,25,1
MEDIUM,31,1
MEDIUM,33,1
MEDIUM,34,3
MEDIUM,38,1
MEDIUM,39,2
MEDIUM,42,1
SOFT,5,1
SOFT,6,1
SOFT,7,2
SOFT,8,1
SOFT,9,1
SOFT,10,3
SOFT,11,1
SOFT,12,3
SOFT,13,1
SOFT,14,1
SOFT,38,1
SOFT,47,1
HARD,40,1
MEDIUM,11,1
MEDIUM,16,1
MEDIUM,23,1
MEDIUM,24,1
MEDIUM,26,1
MEDIUM,32,1
MEDIUM,33,2
MEDIUM,34,1
MEDIUM,35,1
MEDIUM,36,1
MEDIUM,37,1
MEDIUM,38,3
MEDIUM,40,1
SOFT,1,2
SOFT,4,1
SOFT,8,1
SOFT,9,3
SOFT,10,2
SOFT,11,1
SOFT,12,4
SOFT,13,2
SOFT,14,1
SOFT,16,1
SOFT,24,1
SOFT,25,1
SOFT,27,1
SOFT,32,1
SOFT,34,1
SOFT,39,1
SOFT,53,1
MEDIUM,2,1
MEDIUM,23,1
MEDIUM,24,1
MEDIUM,29,1
MEDIUM,30,2
MEDIUM,31,3
MEDIUM,33,1
SOFT,1,3
SOFT,11,1
SOFT,13,1
SOFT,14,1
SOFT,15,2
SOFT,16,1
SOFT,19,1
SOFT,21,1
SOFT,22,1
SOFT,23,1
SOFT,25,1
HARD,41,1
HARD,44,1
HARD,53,2
HARD,54,1
MEDIUM,8,1
MEDIUM,20,1
MEDIUM,23,2
MEDIUM,27,1
MEDIUM,29,1
MEDIUM,36,1
MEDIUM,45,1
MEDIUM,46,1
MEDIUM,47,2
MEDIUM,49,1
MEDIUM,50,1
MEDIUM,53,2
MEDIUM,54,2
MEDIUM,65,1
MEDIUM,66,1
SOFT,17,1
SOFT,20,2
SOFT,21,2
SOFT,22,1
SOFT,24,1
SOFT,25,1
SOFT,26,2
SOFT,27,2
SOFT,28,1
SOFT,29,1
SOFT,40,1
SOFT,43,1
SOFT,44,1
SOFT,46,1
SOFT,53,1
SOFT,66,2
HARD,6,1
HARD,9,1
HARD,24,1
HARD,38,1
HARD,39,1
MEDIUM,12,1
MEDIUM,13,2
MEDIUM,16,1
MEDIUM,17,1
MEDIUM,18,1
MEDIUM,20,5
MEDIUM,21,3
MEDIUM,35,1
MEDIUM,45,1
SOFT,1,2
SOFT,12,2
SOFT,13,4
SOFT,20,1
SOFT,46,1
HARD,33,1
HARD,38,1
HARD,39,1
HARD,45,1
HARD,48,1
HARD,58,1
HARD,60,1
HARD,67,1
MEDIUM,1,1
MEDIUM,6,1
MEDIUM,8,1
MEDIUM,9,1
MEDIUM,11,1
MEDIUM,12,1
MEDIUM,26,1
MEDIUM,28,1
MEDIUM,30,1
MEDIUM,33,1
MEDIUM,34,1
SOFT,3,1
SOFT,7,1
SOFT,8,1
SOFT,16,1
HARD,16,1
HARD,17,1
HARD,30,1
HARD,33,1
HARD,34,1
HARD,35,2
HARD,36,3
HARD,39,1
HARD,42,1
HARD,44,1
HARD,49,1
MEDIUM,1,2
MEDIUM,7,1
MEDIUM,17,1
MEDIUM,18,1
MEDIUM,20,2
MEDIUM,21,1
MEDIUM,22,3
MEDIUM,25,2
MEDIUM,26,1
MEDIUM,30,1
MEDIUM,34,1
MEDIUM,53,1
SOFT,7,1
SOFT,8,1
SOFT,9,1
SOFT,11,1
SOFT,18,1
SOFT,19,2
SOFT,41,1
SOFT,50,1
HARD,31,2
HARD,32,1
HARD,33,1
HARD,34,2
HARD,39,1
HARD,51,1
MEDIUM,16,2
MEDIUM,18,2
MEDIUM,19,1
MEDIUM,20,1
MEDIUM,21,1
MEDIUM,23,1
MEDIUM,24,2
MEDIUM,25,3
MEDIUM,45,1
SOFT,7,1
SOFT,17,1
INTERMEDIATE,15,2
INTERMEDIATE,21,1
INTERMEDIATE,23,2
INTERMEDIATE,24,1
INTERMEDIATE,25,4
INTERMEDIATE,26,5
INTERMEDIATE,27,3
INTERMEDIATE,28,1
INTERMEDIATE,29,1
INTERMEDIATE,31,1
INTERMEDIATE,41,5
INTERMEDIATE,42,1
INTERMEDIATE,44,1
INTERMEDIATE,45,2
INTERMEDIATE,46,7
INTERMEDIATE,47,5
MEDIUM,28,3
MEDIUM,29,1
MEDIUM,30,1
SOFT,28,5
SOFT,29,2
SOFT,53,1
SOFT,56,1
SOFT,57,3
WET,2,2
WET,3,12
WET,6,1
WET,7,3
WET,8,1
HARD,46,2
HARD,48,1
HARD,49,1
HARD,50,1
HARD,67,1
MEDIUM,5,1
MEDIUM,15,1
MEDIUM,16,2
MEDIUM,18,2
MEDIUM,21,1
MEDIUM,25,1
MEDIUM,27,1
MEDIUM,28,2
MEDIUM,31,1
MEDIUM,36,1
MEDIUM,38,1
MEDIUM,39,1
SOFT,19,1
SOFT,28,1
SOFT,29,2
HARD,12,1
HARD,41,1
MEDIUM,1,1
MEDIUM,19,1
MEDIUM,23,2
MEDIUM,26,1
MEDIUM,28,3
MEDIUM,29,2
MEDIUM,34,1
MEDIUM,49,1
SOFT,6,1
SOFT,7,1
SOFT,15,1
SOFT,19,1
SOFT,20,2
SOFT,21,1
SOFT,22,1
SOFT,26,1
SOFT,27,3
SOFT,29,1
SOFT,30,1
SOFT,43,1
SOFT,44,1
HARD,33,1
HARD,36,1
HARD,47,1
HARD,49,1
MEDIUM,15,1
MEDIUM,17,1
MEDIUM,18,1
MEDIUM,22,1
MEDIUM,25,3
MEDIUM,29,1
MEDIUM,34,1
MEDIUM,36,1
MEDIUM,41,1
MEDIUM,42,1
SOFT,3,1
SOFT,4,1
SOFT,14,1
SOFT,15,1
SOFT,16,2
SOFT,17,1
SOFT,18,2
SOFT,19,2
SOFT,21,1
SOFT,26,1
SOFT,27,1
SOFT,31,1
SOFT,46,1
HARD,35,1
HARD,44,1
HARD,48,1
HARD,49,1
HARD,50,1
HARD,52,1
HARD,60,1
MEDIUM,5,1
MEDIUM,14,1
MEDIUM,15,2
MEDIUM,18,1
MEDIUM,20,1
MEDIUM,21,2
MEDIUM,22,1
MEDIUM,23,1
MEDIUM,28,1
MEDIUM,36,1
MEDIUM,37,3
MEDIUM,43,1
MEDIUM,44,1
MEDIUM,58,1
SOFT,9,1
SOFT,10,1
SOFT,12,1
SOFT,15,1
HARD,16,1
MEDIUM,9,2
MEDIUM,10,1
MEDIUM,11,1
MEDIUM,12,1
MEDIUM,21,1
MEDIUM,39,1
MEDIUM,47,1
MEDIUM,62,1
SOFT,11,6
SOFT,17,1
SOFT,27,1
SOFT,30,1
SOFT,32,1
SOFT,40,1
SOFT,44,1
SOFT,46,1
SOFT,50,1
HARD,2,1
HARD,27,2
MEDIUM,1,1
MEDIUM,9,1
MEDIUM,24,1
MEDIUM,26,1
MEDIUM,27,3
MEDIUM,28,3
MEDIUM,29,2
MEDIUM,30,1
SOFT,1,1
SOFT,2,1
SOFT,16,1
SOFT,20,1
SOFT,21,1
SOFT,22,1
SOFT,23,1
SOFT,26,1
SOFT,27,1
SOFT,28,1
SOFT,29,1
HARD,32,1
HARD,35,2
HARD,36,3
HARD,41,1
HARD,44,1
HARD,56,1
MEDIUM,1,1
MEDIUM,12,1
MEDIUM,13,1
MEDIUM,15,1
MEDIUM,18,1
MEDIUM,21,1
MEDIUM,23,1
MEDIUM,31,1
MEDIUM,34,2
SOFT,1,2
SOFT,19,2
SOFT,20,3
SOFT,22,1
SOFT,26,1
SOFT,44,1
HARD,41,1
HARD,45,2
HARD,46,1
MEDIUM,22,1
MEDIUM,28,1
MEDIUM,31,1
MEDIUM,32,1
MEDIUM,35,1
MEDIUM,40,1
MEDIUM,45,5
MEDIUM,46,4
SOFT,6,1
SOFT,19,1
SOFT,20,1
SOFT,21,1
SOFT,22,1
SOFT,23,1
SOFT,24,3
SOFT,25,2
SOFT,26,3
SOFT,27,1
SOFT,43,1
SOFT,44,2
HARD,21,1
HARD,27,1
HARD,29,1
HARD,31,1
HARD,34,1
HARD,35,1
HARD,39,1
HARD,40,2
HARD,42,2
HARD,46,1
HARD,53,1
MEDIUM,8,1
MEDIUM,9,1
MEDIUM,11,1
MEDIUM,13,1
MEDIUM,14,1
MEDIUM,17,1
MEDIUM,18,1
MEDIUM,20,2
MEDIUM,23,1
MEDIUM,24,3
MEDIUM,39,2
MEDIUM,40,1
SOFT,1,1
SOFT,18,2
SOFT,19,2
SOFT,21,1
SOFT,54,1
HARD,19,1
HARD,20,1
HARD,22,2
HARD,23,1
HARD,24,1
HARD,26,3
HARD,29,1
HARD,30,2
HARD,31,1
HARD,32,1
HARD,33,2
HARD,35,2
HARD,38,1
HARD,39,1
HARD,41,1
HARD,43,1
HARD,44,1
HARD,46,1
MEDIUM,6,1
MEDIUM,7,2
MEDIUM,8,1
MEDIUM,9,2
MEDIUM,12,1
MEDIUM,13,1
MEDIUM,14,2
MEDIUM,15,1
MEDIUM,17,1
MEDIUM,18,2
MEDIUM,22,1
MEDIUM,26,1
MEDIUM,32,1
MEDIUM,34,1
HARD,31,1
HARD,34,1
HARD,35,2
HARD,39,1
MEDIUM,10,8
MEDIUM,11,1
MEDIUM,22,1
MEDIUM,27,1
MEDIUM,47,1
MEDIUM,48,1
SOFT,10,5
HARD,44,1
HARD,46,7
HARD,47,1
HARD,50,1
HARD,51,4
HARD,52,1
MEDIUM,10,1
MEDIUM,15,1
MEDIUM,19,1
MEDIUM,20,2
MEDIUM,21,5
MEDIUM,51,4
SOFT,12,1
SOFT,15,1
SOFT,21,6
SOFT,22,1
SOFT,51,4
HARD,1,2
HARD,3,1
HARD,20,1
HARD,25,2
HARD,27,1
HARD,33,1
HARD,34,1
HARD,36,2
HARD,39,1
HARD,40,2
HARD,46,1
HARD,53,2
MEDIUM,1,16
MEDIUM,4,1
MEDIUM,16,1
MEDIUM,17,2
MEDIUM,18,1
MEDIUM,19,2
MEDIUM,20,4
MEDIUM,21,1
MEDIUM,23,1
MEDIUM,34,2
MEDIUM,35,1
MEDIUM,37,1
MEDIUM,38,2
MEDIUM,39,2
SOFT,1,1
SOFT,17,1
SOFT,21,1
HARD,24,1
HARD,26,1
HARD,30,1
HARD,35,1
MEDIUM,10,4
MEDIUM,11,5
SOFT,10,1
SOFT,11,5
SOFT,18,1
HARD,30,1
HARD,47,1
HARD,50,2
HARD,51,1
MEDIUM,6,1
MEDIUM,12,5
MEDIUM,13,5
MEDIUM,36,1
SOFT,12,4
SOFT,13,1
HARD,41,1
HARD,44,2
MEDIUM,11,1
MEDIUM,17,1
MEDIUM,18,1
MEDIUM,23,1
MEDIUM,28,1
MEDIUM,30,1
MEDIUM,33,1
MEDIUM,34,1
MEDIUM,35,1
MEDIUM,36,1
MEDIUM,44,4
MEDIUM,45,3
SOFT,7,1
SOFT,10,2
SOFT,11,1
SOFT,13,1
SOFT,14,2
SOFT,15,1
SOFT,16,3
SOFT,22,1
SOFT,28,2
SOFT,29,2
HARD,29,1
HARD,47,1
HARD,50,1
HARD,51,4
HARD,52,1
HARD,59,1
MEDIUM,1,1
MEDIUM,9,1
MEDIUM,11,1
MEDIUM,13,1
MEDIUM,18,1
MEDIUM,19,1
MEDIUM,27,2
MEDIUM,30,1
MEDIUM,34,1
MEDIUM,39,1
MEDIUM,48,1
MEDIUM,51,1
MEDIUM,52,1
MEDIUM,53,1
SOFT,8,1
SOFT,10,1
SOFT,13,2
SOFT,14,3
SOFT,17,1
INTERMEDIATE,1,1
INTERMEDIATE,2,2
INTERMEDIATE,3,9
INTERMEDIATE,4,6
MEDIUM,29,1
MEDIUM,31,2
MEDIUM,33,2
MEDIUM,34,2
MEDIUM,35,4
MEDIUM,36,1
MEDIUM,37,1
MEDIUM,39,1
MEDIUM,40,2
MEDIUM,43,1
MEDIUM,49,1
MEDIUM,50,1
MEDIUM,52,1
MEDIUM,66,1
SOFT,4,1
SOFT,15,1
SOFT,18,1
SOFT,19,1
SOFT,20,2
SOFT,52,1
HARD,6,1
HARD,18,1
HARD,22,1
HARD,24,1
HARD,26,6
HARD,28,1
MEDIUM,1,1
MEDIUM,16,1
MEDIUM,18,1
MEDIUM,20,1
MEDIUM,22,2
MEDIUM,26,10
MEDIUM,30,1
SOFT,17,1
SOFT,19,1
SOFT,20,1
SOFT,22,8
SOFT,26,1
SOFT,30,1
HARD,31,1
HARD,34,1
HARD,43,1
HARD,55,1
MEDIUM,18,1
MEDIUM,24,1
MEDIUM,25,1
MEDIUM,26,1
MEDIUM,27,1
MEDIUM,28,1
MEDIUM,34,1
MEDIUM,36,1
MEDIUM,40,1
MEDIUM,41,1
MEDIUM,45,1
MEDIUM,46,1
MEDIUM,53,1
SOFT,1,1
SOFT,11,1
SOFT,14,1
SOFT,18,1
SOFT,19,1
SOFT,23,1
SOFT,26,1
SOFT,28,1
SOFT,51,1
HARD,14,1
HARD,27,1
HARD,30,1
HARD,35,1
HARD,42,2
HARD,47,1
MEDIUM,1,1
MEDIUM,16,1
MEDIUM,17,2
MEDIUM,19,1
MEDIUM,25,1
MEDIUM,26,1
MEDIUM,28,1
MEDIUM,30,1
MEDIUM,50,1
SOFT,1,2
SOFT,15,1
SOFT,16,1
SOFT,18,2
SOFT,20,1
HARD,54,4
HARD,62,3
MEDIUM,23,1
MEDIUM,26,1
MEDIUM,31,2
MEDIUM,41,1
MEDIUM,45,1
MEDIUM,47,2
MEDIUM,49,1
MEDIUM,51,1
MEDIUM,53,2
MEDIUM,54,2
MEDIUM,55,2
MEDIUM,59,1
MEDIUM,62,1
MEDIUM,63,1
MEDIUM,78,1
SOFT,1,1
SOFT,20,1
SOFT,26,1
SOFT,27,2
SOFT,28,2
SOFT,29,1
SOFT,31,1
SOFT,42,1
SOFT,63,2
HARD,39,1
MEDIUM,20,1
MEDIUM,21,1
MEDIUM,28,1
MEDIUM,29,1
MEDIUM,32,1
MEDIUM,34,1
MEDIUM,35,2
MEDIUM,38,1
MEDIUM,41,1
MEDIUM,42,2
MEDIUM,44,1
MEDIUM,45,2
MEDIUM,48,1
MEDIUM,49,1
MEDIUM,50,1
SOFT,17,1
SOFT,19,1
SOFT,21,4
SOFT,22,1
SOFT,23,2
SOFT,27,1
SOFT,28,1
SOFT,29,2
SOFT,41,1
SOFT,44,1
SOFT,62,1
SOFT,64,1
HARD,4,1
HARD,49,1
MEDIUM,1,1
MEDIUM,32,1
MEDIUM,36,1
MEDIUM,37,1
MEDIUM,39,1
MEDIUM,44,1
MEDIUM,66,1
MEDIUM,68,1
SOFT,1,1
SOFT,24,2
SOFT,25,1
SOFT,27,1
SOFT,31,1
SOFT,32,1
SOFT,33,1
SOFT,34,2
SOFT,35,1
SOFT,37,1
SOFT,38,1
SOFT,39,1
INTERMEDIATE,8,1
INTERMEDIATE,18,1
INTERMEDIATE,30,2
INTERMEDIATE,32,2
INTERMEDIATE,33,3
INTERMEDIATE,34,2
INTERMEDIATE,36,3
INTERMEDIATE,38,1
INTERMEDIATE,39,1
INTERMEDIATE,42,1
INTERMEDIATE,43,1
INTERMEDIATE,46,1
INTERMEDIATE,49,1
INTERMEDIATE,50,1
INTERMEDIATE,55,1
WET,1,1
WET,6,1
WET,7,1
WET,8,7
WET,9,2
WET,10,5
WET,11,1
WET,12,1
HARD,8,1
HARD,37,1
HARD,42,2
HARD,43,3
HARD,44,1
MEDIUM,1,1
MEDIUM,7,5
MEDIUM,8,4
MEDIUM,27,1
MEDIUM,29,1
MEDIUM,31,1
MEDIUM,32,1
MEDIUM,43,5
MEDIUM,45,3
SOFT,1,1
SOFT,7,9
SOFT,8,9
SOFT,21,1
SOFT,27,1
SOFT,28,3
SOFT,29,2
SOFT,30,1
SOFT,32,1
SOFT,44,2
SOFT,45,7
HARD,25,1
HARD,35,1
HARD,36,4
HARD,48,1
HARD,52,3
HARD,53,3
MEDIUM,14,1
MEDIUM,17,1
MEDIUM,21,2
MEDIUM,23,2
MEDIUM,26,1
MEDIUM,28,1
MEDIUM,30,1
MEDIUM,54,1
SOFT,10,1
SOFT,13,1
SOFT,15,2
SOFT,17,1
SOFT,18,1
SOFT,19,1
SOFT,21,1
SOFT,55,1
HARD,29,1
HARD,37,1
HARD,45,2
HARD,46,1
HARD,48,1
HARD,49,1
HARD,51,1
HARD,53,1
HARD,60,1
HARD,70,1
MEDIUM,1,1
MEDIUM,27,1
MEDIUM,29,1
MEDIUM,30,3
MEDIUM,31,1
MEDIUM,32,3
MEDIUM,33,1
MEDIUM,34,2
SOFT,12,1
SOFT,13,1
SOFT,14,1
SOFT,17,1
HARD,34,5
HARD,47,13
HARD,48,12
MEDIUM,1,1
MEDIUM,9,1
MEDIUM,13,1
SOFT,2,1
SOFT,3,1
SOFT,7,2
SOFT,8,1
SOFT,9,3
SOFT,10,1
SOFT,11,4
SOFT,12,1
SOFT,13,1
SOFT,18,1
SOFT,44,2
SOFT,46,1
SOFT,47,3
SOFT,48,5
HARD,19,1
HARD,28,1
HARD,29,1
HARD,30,2
HARD,32,1
HARD,33,1
HARD,38,1
HARD,52,1
HARD,54,1
MEDIUM,2,1
MEDIUM,4,1
MEDIUM,12,1
MEDIUM,13,2
MEDIUM,14,1
MEDIUM,15,1
MEDIUM,16,1
MEDIUM,17,1
MEDIUM,19,1
MEDIUM,24,1
MEDIUM,28,1
MEDIUM,29,1
MEDIUM,31,1
MEDIUM,32,3
MEDIUM,33,2
MEDIUM,36,1
MEDIUM,37,1
MEDIUM,39,2
MEDIUM,51,1
SOFT,11,1
SOFT,12,3
SOFT,13,3
SOFT,14,1
SOFT,15,1
UNKNOWN,3,20
HARD,2,1
HARD,18,1
HARD,40,1
HARD,46,1
MEDIUM,2,18
MEDIUM,18,3
MEDIUM,19,2
MEDIUM,20,1
MEDIUM,21,1
MEDIUM,22,1
MEDIUM,23,2
MEDIUM,24,2
MEDIUM,25,1
MEDIUM,27,1
MEDIUM,28,2
MEDIUM,29,1
MEDIUM,30,1
MEDIUM,38,1
MEDIUM,48,1
HARD,8,1
HARD,30,1
HARD,41,1
HARD,44,1
HARD,68,1
MEDIUM,23,1
MEDIUM,27,1
MEDIUM,33,2
MEDIUM,39,1
MEDIUM,40,2
MEDIUM,42,1
MEDIUM,47,1
MEDIUM,48,1
MEDIUM,67,1
MEDIUM,70,1
SOFT,4,1
SOFT,10,1
SOFT,20,1
SOFT,21,1
SOFT,24,1
SOFT,27,2
SOFT,30,1
SOFT,31,4
SOFT,33,1
SOFT,34,1
SOFT,69,1
INTERMEDIATE,3,1
INTERMEDIATE,20,1
INTERMEDIATE,21,1
INTERMEDIATE,23,1
INTERMEDIATE,25,1
INTERMEDIATE,26,3
INTERMEDIATE,27,6
INTERMEDIATE,28,6
MEDIUM,22,1
MEDIUM,31,2
MEDIUM,32,10
MEDIUM,33,13
MEDIUM,40,1
SOFT,31,2
SOFT,32,1
SOFT,33,2
SOFT,61,1
WET,1,1
WET,5,1
WET,12,1
WET,14,1
HARD,28,2
HARD,31,1
HARD,32,1
HARD,33,1
HARD,34,1
HARD,37,1
HARD,38,1
MEDIUM,14,1
MEDIUM,15,2
MEDIUM,16,1
MEDIUM,17,4
MEDIUM,18,3
MEDIUM,19,1
MEDIUM,24,2
HARD,40,1
HARD,47,1
HARD,53,1
HARD,68,1
INTERMEDIATE,1,3
INTERMEDIATE,2,16
INTERMEDIATE,3,14
INTERMEDIATE,4,1
MEDIUM,1,1
MEDIUM,11,1
MEDIUM,15,1
MEDIUM,19,1
MEDIUM,20,2
MEDIUM,21,1
MEDIUM,22,1
MEDIUM,23,1
MEDIUM,30,1
MEDIUM,32,1
MEDIUM,33,1
MEDIUM,34,1
MEDIUM,36,1
MEDIUM,37,1
MEDIUM,39,1
HARD,3,1
HARD,25,2
HARD,26,3
HARD,39,1
MEDIUM,1,1
MEDIUM,22,2
MEDIUM,23,3
MEDIUM,24,2
MEDIUM,25,2
MEDIUM,26,5
SOFT,28,1
HARD,34,1
HARD,38,1
HARD,40,1
HARD,49,1
HARD,58,1
MEDIUM,1,2
MEDIUM,11,1
MEDIUM,12,1
MEDIUM,13,1
MEDIUM,15,1
MEDIUM,16,1
MEDIUM,29,1
MEDIUM,30,1
MEDIUM,31,1
MEDIUM,32,1
MEDIUM,33,2
MEDIUM,39,1
MEDIUM,40,1
MEDIUM,42,1
MEDIUM,44,1
MEDIUM,63,1
SOFT,14,1
SOFT,67,1
HARD,58,1
HARD,64,1
HARD,67,1
MEDIUM,31,1
MEDIUM,36,1
MEDIUM,43,2
MEDIUM,45,1
SOFT,29,1
SOFT,30,3
SOFT,31,1
SOFT,32,1
SOFT,33,1
SOFT,34,2
SOFT,35,1
SOFT,37,2
HARD,43,1
HARD,63,1
HARD,64,1
MEDIUM,2,13
MEDIUM,3,13
MEDIUM,21,1
MEDIUM,22,1
MEDIUM,24,1
MEDIUM,25,1
MEDIUM,28,1
MEDIUM,31,1
MEDIUM,32,1
MEDIUM,35,1
MEDIUM,36,1
MEDIUM,37,1
MEDIUM,40,1
MEDIUM,41,1
MEDIUM,51,1
SOFT,2,6
SOFT,3,6
SOFT,21,1
SOFT,22,3
SOFT,24,1
SOFT,39,1
HARD,41,2
HARD,42,1
HARD,49,3
MEDIUM,17,1
MEDIUM,18,1
MEDIUM,19,1
MEDIUM,23,1
MEDIUM,26,1
MEDIUM,27,2
MEDIUM,30,1
MEDIUM,31,1
MEDIUM,32,1
MEDIUM,33,1
MEDIUM,34,1
MEDIUM,35,1
MEDIUM,55,1
SOFT,9,1
SOFT,10,1
SOFT,13,1
SOFT,15,1
SOFT,17,1
SOFT,18,1
SOFT,22,1
SOFT,23,1
SOFT,24,1
SOFT,25,1
SOFT,26,1
HARD,26,1
HARD,28,1
HARD,32,1
HARD,33,1
HARD,35,1
HARD,36,3
HARD,46,1
HARD,47,4
HARD,48,3
HARD,49,1
HARD,50,2
HARD,51,1
MEDIUM,12,1
MEDIUM,13,3
MEDIUM,14,2
MEDIUM,15,2
MEDIUM,20,1
MEDIUM,22,1
MEDIUM,26,2
MEDIUM,28,1
MEDIUM,47,1
MEDIUM,48,1
MEDIUM,50,4
MEDIUM,51,1
SOFT,49,1
HARD,13,12
HARD,15,12
HARD,26,1
HARD,44,1
MEDIUM,9,2
MEDIUM,10,6
MEDIUM,13,7
MEDIUM,15,4
MEDIUM,23,1
MEDIUM,44,1
SOFT,10,1
HARD,6,2
HARD,7,3
HARD,8,3
HARD,29,1
HARD,37,1
HARD,39,2
HARD,40,1
HARD,41,2
HARD,42,2
HARD,43,1
HARD,47,1
HARD,49,1
HARD,51,1
HARD,52,1
HARD,55,1
HARD,69,1
MEDIUM,1,1
MEDIUM,6,1
MEDIUM,7,17
MEDIUM,8,17
MEDIUM,11,1
MEDIUM,13,1
MEDIUM,22,1
MEDIUM,25,1
MEDIUM,26,2
MEDIUM,27,2
MEDIUM,28,3
MEDIUM,29,1
MEDIUM,30,3
MEDIUM,34,2
MEDIUM,52,1
MEDIUM,53,1
MEDIUM,61,1
SOFT,4,1
MEDIUM,27,1
MEDIUM,28,1
MEDIUM,37,1
MEDIUM,38,1
MEDIUM,39,2
MEDIUM,42,2
MEDIUM,46,2
MEDIUM,47,1
MEDIUM,50,2
MEDIUM,51,1
MEDIUM,53,1
MEDIUM,57,1
MEDIUM,58,1
MEDIUM,60,1
MEDIUM,61,1
SOFT,8,1
SOFT,9,2
SOFT,18,1
SOFT,21,2
SOFT,22,3
SOFT,23,4
SOFT,24,1
SOFT,25,1
SOFT,27,1
SOFT,28,2
HARD,26,1
HARD,36,2
HARD,37,1
HARD,54,1
HARD,69,1
MEDIUM,1,1
MEDIUM,21,1
MEDIUM,23,1
MEDIUM,25,1
MEDIUM,27,2
MEDIUM,28,1
MEDIUM,29,1
MEDIUM,33,1
MEDIUM,36,1
MEDIUM,41,2
SOFT,1,2
SOFT,25,1
SOFT,26,2
SOFT,27,1
SOFT,28,1
SOFT,31,1
INTERMEDIATE,21,1
INTERMEDIATE,30,1
INTERMEDIATE,34,2
INTERMEDIATE,35,3
INTERMEDIATE,36,3
INTERMEDIATE,37,3
INTERMEDIATE,39,3
INTERMEDIATE,40,1
INTERMEDIATE,47,1
INTERMEDIATE,50,1
MEDIUM,37,1
HARD,14,1
HARD,24,1
HARD,25,2
HARD,28,1
HARD,29,2
HARD,30,2
HARD,31,1
HARD,32,2
HARD,34,2
HARD,37,1
HARD,39,1
MEDIUM,1,1
MEDIUM,3,1
MEDIUM,5,1
MEDIUM,7,1
MEDIUM,8,1
MEDIUM,9,1
MEDIUM,10,3
MEDIUM,11,2
MEDIUM,12,3
MEDIUM,13,1
MEDIUM,15,1
MEDIUM,17,1
MEDIUM,18,1
MEDIUM,26,1
MEDIUM,30,1
MEDIUM,31,1
MEDIUM,34,1
MEDIUM,37,1
MEDIUM,38,1
MEDIUM,40,1
MEDIUM,49,1
SOFT,9,1
SOFT,11,1
HARD,27,1
HARD,28,1
HARD,30,1
HARD,33,1
HARD,34,1
HARD,35,1
HARD,38,2
HARD,39,2
HARD,40,1
HARD,41,1
HARD,42,1
HARD,44,1
HARD,55,1
MEDIUM,12,1
MEDIUM,13,1
MEDIUM,14,3
MEDIUM,15,5
MEDIUM,17,1
MEDIUM,18,1
MEDIUM,19,2
MEDIUM,20,1
MEDIUM,21,1
MEDIUM,25,1
MEDIUM,55,1
SOFT,14,1
HARD,3,1
HARD,23,2
HARD,39,2
HARD,57,1
MEDIUM,4,1
MEDIUM,13,1
MEDIUM,14,1
MEDIUM,17,1
MEDIUM,18,2
MEDIUM,20,2
MEDIUM,21,3
MEDIUM,22,3
MEDIUM,23,1
MEDIUM,53,1
HARD,20,1
HARD,24,2
HARD,26,1
HARD,27,1
HARD,35,1
HARD,36,1
HARD,39,1
HARD,40,2
HARD,41,2
HARD,43,2
HARD,44,2
HARD,46,1
HARD,48,1
HARD,49,1
HARD,50,1
HARD,51,1
HARD,57,1
HARD,58,2
MEDIUM,1,1
MEDIUM,6,1
MEDIUM,11,2
MEDIUM,12,3
MEDIUM,13,1
MEDIUM,14,1
MEDIUM,15,1
MEDIUM,16,2
MEDIUM,26,1
MEDIUM,27,1
MEDIUM,28,1
MEDIUM,29,1
MEDIUM,44,1
MEDIUM,46,1
MEDIUM,58,1
UNKNOWN,48,1
HARD,9,1
HARD,20,1
HARD,23,1
HARD,29,1
HARD,30,1
HARD,33,7
HARD,38,1
MEDIUM,3,1
MEDIUM,9,9
MEDIUM,16,1
MEDIUM,17,1
MEDIUM,18,2
MEDIUM,20,1
MEDIUM,23,1
MEDIUM,46,1
HARD,27,1
HARD,33,1
HARD,41,1
HARD,42,1
HARD,43,1
HARD,44,1
MEDIUM,17,1
MEDIUM,24,1
MEDIUM,25,1
MEDIUM,29,1
MEDIUM,30,1
MEDIUM,32,1
MEDIUM,33,1
MEDIUM,35,2
MEDIUM,36,1
MEDIUM,37,1
MEDIUM,43,1
MEDIUM,44,3
MEDIUM,45,5
MEDIUM,46,3
SOFT,11,2
SOFT,12,1
SOFT,13,1
SOFT,14,7
SOFT,15,5
SOFT,18,1
SOFT,19,1
SOFT,30,1
SOFT,31,1
SOFT,32,1
SOFT,33,2
SOFT,34,1
SOFT,37,1
SOFT,38,1
SOFT,43,1
SOFT,44,1
SOFT,45,1
SOFT,54,1
HARD,18,1
HARD,22,1
HARD,26,1
HARD,27,1
HARD,29,1
HARD,30,1
HARD,32,2
HARD,33,1
HARD,34,1
MEDIUM,3,1
MEDIUM,10,2
MEDIUM,11,2
MEDIUM,12,2
MEDIUM,13,2
MEDIUM,14,4
MEDIUM,15,2
MEDIUM,25,3
MEDIUM,26,1
MEDIUM,27,1
MEDIUM,28,1
MEDIUM,29,1
MEDIUM,30,2
MEDIUM,42,1
SOFT,3,1
SOFT,11,1
SOFT,15,1
HARD,26,1
HARD,32,1
HARD,38,1
HARD,39,5
HARD,40,2
MEDIUM,1,13
MEDIUM,5,1
MEDIUM,12,1
MEDIUM,15,1
MEDIUM,19,1
MEDIUM,20,3
MEDIUM,22,1
MEDIUM,23,1
MEDIUM,25,1
MEDIUM,33,2
MEDIUM,34,1
MEDIUM,39,3
SOFT,1,4
SOFT,6,1
SOFT,16,1
SOFT,18,1
SOFT,19,1
SOFT,22,1
SOFT,38,1
HARD,19,2
HARD,36,1
HARD,37,1
HARD,41,1
HARD,42,1
HARD,43,1
HARD,44,1
HARD,45,1
HARD,47,2
HARD,48,1
HARD,49,6
MEDIUM,5,2
MEDIUM,7,1
MEDIUM,9,4
MEDIUM,18,1
MEDIUM,19,4
MEDIUM,20,1
MEDIUM,28,1
HARD,43,1
HARD,47,5
HARD,48,3
HARD,54,1
HARD,55,1
HARD,56,6
HARD,57,1
MEDIUM,13,1
MEDIUM,14,1
MEDIUM,17,1
MEDIUM,21,1
MEDIUM,26,1
MEDIUM,27,1
MEDIUM,29,1
MEDIUM,31,1
MEDIUM,32,1
MEDIUM,33,1
MEDIUM,34,1
MEDIUM,35,1
MEDIUM,38,1
MEDIUM,40,1
MEDIUM,42,2
MEDIUM,43,1
MEDIUM,45,1
MEDIUM,48,1
MEDIUM,55,1
MEDIUM,57,3
SOFT,9,1
SOFT,11,2
SOFT,12,2
SOFT,13,2
SOFT,14,2
SOFT,16,2
SOFT,17,1
SOFT,18,2
SOFT,34,1
SOFT,37,1
SOFT,55,2
SOFT,56,6
SOFT,57,7
INTERMEDIATE,2,1
INTERMEDIATE,6,1
INTERMEDIATE,16,1
INTERMEDIATE,17,3
INTERMEDIATE,18,11
INTERMEDIATE,19,3
MEDIUM,30,1
MEDIUM,49,1
MEDIUM,50,1
MEDIUM,51,1
MEDIUM,52,1
SOFT,53,1
HARD,18,6
HARD,22,1
HARD,36,1
HARD,38,2
MEDIUM,8,1
MEDIUM,9,2
MEDIUM,11,1
MEDIUM,16,1
MEDIUM,18,9
MEDIUM,19,2
MEDIUM,41,1
MEDIUM,42,1
HARD,35,1
HARD,41,1
HARD,51,1
HARD,54,1
MEDIUM,6,1
MEDIUM,17,1
MEDIUM,18,1
MEDIUM,19,1
MEDIUM,21,4
MEDIUM,23,1
MEDIUM,26,1
MEDIUM,27,1
MEDIUM,33,1
MEDIUM,38,1
MEDIUM,39,3
MEDIUM,40,1
MEDIUM,42,2
MEDIUM,46,4
MEDIUM,47,1
MEDIUM,51,1
MEDIUM,67,1
SOFT,2,1
SOFT,13,1
SOFT,14,2
SOFT,15,2
SOFT,16,3
SOFT,18,1
SOFT,51,1
SOFT,56,1
HARD,39,1
HARD,42,1
HARD,46,1
HARD,47,3
MEDIUM,7,1
MEDIUM,15,1
MEDIUM,18,3
MEDIUM,19,2
MEDIUM,24,1
MEDIUM,30,1
MEDIUM,31,1
MEDIUM,33,3
MEDIUM,35,2
MEDIUM,48,1
SOFT,12,1
SOFT,19,2
SOFT,23,1
SOFT,25,1
SOFT,47,2
SOFT,48,1
INTERMEDIATE,1,1
INTERMEDIATE,2,17
INTERMEDIATE,18,1
INTERMEDIATE,19,2
INTERMEDIATE,20,1
INTERMEDIATE,22,1
WET,2,1
WET,5,2
WET,6,2
WET,7,10
WET,8,2
WET,9,1
WET,11,1
HARD,52,1
HARD,69,1
MEDIUM,17,1
MEDIUM,29,1
MEDIUM,31,1
MEDIUM,33,1
MEDIUM,34,1
MEDIUM,38,2
MEDIUM,39,1
MEDIUM,40,2
MEDIUM,44,1
MEDIUM,45,1
MEDIUM,50,1
SOFT,23,2
SOFT,24,1
SOFT,25,1
SOFT,28,1
SOFT,29,2
SOFT,38,1
SOFT,40,1
HARD,34,1
HARD,40,3
HARD,41,5
HARD,42,1
HARD,54,1
MEDIUM,6,1
MEDIUM,11,1
MEDIUM,12,1
MEDIUM,14,1
MEDIUM,15,1
MEDIUM,16,2
MEDIUM,18,1
MEDIUM,22,1
MEDIUM,24,1
MEDIUM,26,2
MEDIUM,27,2
MEDIUM,30,1
MEDIUM,54,1
MEDIUM,57,1
SOFT,45,1
HARD,19,1
HARD,22,1
HARD,29,3
HARD,30,13
HARD,51,1
INTERMEDIATE,2,2
INTERMEDIATE,17,1
INTERMEDIATE,21,2
INTERMEDIATE,22,5
INTERMEDIATE,23,1
INTERMEDIATE,24,1
MEDIUM,29,2
MEDIUM,49,1
MEDIUM,56,1
WET,1,2
WET,2,1
WET,4,1
WET,6,2
WET,15,1
WET,16,1
WET,17,1
WET,18,3
WET,19,2
WET,20,2
WET,21,4
HARD,27,1
HARD,35,1
HARD,36,1
HARD,37,2
HARD,40,1
MEDIUM,8,1
MEDIUM,13,2
MEDIUM,15,2
MEDIUM,16,9
MEDIUM,36,1
HARD,4,1
HARD,32,1
MEDIUM,7,1
MEDIUM,14,1
MEDIUM,17,1
MEDIUM,20,2
MEDIUM,21,1
MEDIUM,23,1
MEDIUM,24,1
MEDIUM,25,1
MEDIUM,29,1
MEDIUM,35,2
MEDIUM,37,1
MEDIUM,45,3
MEDIUM,47,3
MEDIUM,48,2
MEDIUM,49,1
MEDIUM,52,2
MEDIUM,53,1
SOFT,7,1
SOFT,16,1
SOFT,19,1
SOFT,23,1
SOFT,24,4
SOFT,26,1
SOFT,29,1
SOFT,36,1
SOFT,40,1
SOFT,44,1
SOFT,46,1
SOFT,48,1
SOFT,52,1
SOFT,54,1
INTERMEDIATE,7,2
INTERMEDIATE,21,1
INTERMEDIATE,25,1
INTERMEDIATE,33,4
INTERMEDIATE,34,4
INTERMEDIATE,35,4
INTERMEDIATE,36,2
MEDIUM,35,1
MEDIUM,40,1
MEDIUM,41,2
SOFT,51,1
MEDIUM,1,1
MEDIUM,25,1
MEDIUM,26,1
MEDIUM,27,1
MEDIUM,28,2
MEDIUM,29,2
MEDIUM,31,2
MEDIUM,32,1
MEDIUM,33,1
MEDIUM,34,1
MEDIUM,35,1
MEDIUM,36,1
MEDIUM,37,1
MEDIUM,45,1
MEDIUM,46,1
MEDIUM,48,2
MEDIUM,51,1
MEDIUM,53,1
MEDIUM,54,1
SOFT,1,1
SOFT,10,4
SOFT,11,3
SOFT,12,3
SOFT,13,3
SOFT,14,2
SOFT,17,1
SOFT,21,2
SOFT,22,1
SOFT,27,1
SOFT,30,1
SOFT,31,1
SOFT,42,1
SOFT,44,1
SOFT,45,1
SOFT,46,1
SOFT,50,1
SOFT,51,1
SOFT,52,2
SOFT,53,1
HARD,18,4
HARD,23,1
HARD,32,1
HARD,34,2
HARD,35,3
HARD,36,1
HARD,38,1
HARD,45,1
HARD,54,1
MEDIUM,1,1
MEDIUM,5,1
MEDIUM,9,2
MEDIUM,10,3
MEDIUM,11,1
MEDIUM,12,1
MEDIUM,13,2
MEDIUM,14,2
MEDIUM,15,1
MEDIUM,18,4
MEDIUM,22,1
MEDIUM,33,2
MEDIUM,41,1
HARD,22,2
HARD,23,1
HARD,29,1
HARD,31,1
HARD,32,1
HARD,33,2
HARD,34,1
HARD,35,2
HARD,36,2
HARD,37,1
HARD,41,1
HARD,42,2
HARD,43,2
HARD,56,1
MEDIUM,5,1
MEDIUM,7,1
MEDIUM,12,1
MEDIUM,13,3
MEDIUM,14,2
MEDIUM,15,3
MEDIUM,16,2
MEDIUM,17,3
MEDIUM,22,1
SOFT,57,1
HARD,1,2
HARD,8,9
HARD,53,1
HARD,54,4
HARD,55,10
MEDIUM,2,2
MEDIUM,7,3
MEDIUM,8,8
MEDIUM,36,1
MEDIUM,45,1
SOFT,1,3
SOFT,8,1
SOFT,54,2
SOFT,55,6
SOFT,57,12
HARD,1,1
HARD,2,3
HARD,15,1
HARD,21,1
HARD,22,1
HARD,23,1
HARD,34,1
HARD,36,1
HARD,37,1
HARD,38,1
HARD,40,1
HARD,41,4
HARD,42,1
HARD,43,2
HARD,44,1
HARD,49,1
HARD,54,1
MEDIUM,1,1
MEDIUM,2,17
MEDIUM,8,1
MEDIUM,11,1
MEDIUM,12,1
MEDIUM,14,8
MEDIUM,15,3
MEDIUM,24,1
MEDIUM,25,1
MEDIUM,40,1
MEDIUM,44,1
MEDIUM,45,1
MEDIUM,47,1
MEDIUM,50,1
MEDIUM,69,1
HARD,12,1
HARD,23,1
HARD,34,1
HARD,36,1
HARD,49,2
HARD,50,1
MEDIUM,5,1
MEDIUM,6,1
MEDIUM,7,1
MEDIUM,8,3
MEDIUM,9,2
MEDIUM,10,2
MEDIUM,11,7
HARD,15,2
HARD,17,1
HARD,25,1
HARD,26,2
HARD,27,1
HARD,29,2
HARD,30,2
HARD,31,2
HARD,32,2
HARD,33,1
HARD,34,1
HARD,40,5
HARD,41,1
HARD,47,1
MEDIUM,37,1
SOFT,9,1
SOFT,10,2
SOFT,11,4
SOFT,12,4
SOFT,13,4
SOFT,14,2
SOFT,15,1
SOFT,17,1
SOFT,26,1
SOFT,27,1
SOFT,30,1
SOFT,34,1
SOFT,36,1
SOFT,40,1
SOFT,54,2
HARD,17,1
MEDIUM,5,1
MEDIUM,9,1
MEDIUM,10,1
MEDIUM,12,1
MEDIUM,20,1
MEDIUM,22,2
MEDIUM,23,2
MEDIUM,24,3
MEDIUM,25,3
MEDIUM,27,1
MEDIUM,28,1
MEDIUM,29,2
MEDIUM,30,1
MEDIUM,33,1
MEDIUM,34,1
SOFT,5,2
SOFT,6,2
SOFT,7,3
SOFT,8,1
SOFT,12,1
SOFT,13,2
SOFT,14,1
SOFT,23,1
SOFT,24,1
SOFT,42,1
HARD,7,1
HARD,32,3
HARD,33,1
MEDIUM,18,1
MEDIUM,24,1
MEDIUM,26,1
MEDIUM,28,1
MEDIUM,29,2
MEDIUM,31,2
MEDIUM,32,3
MEDIUM,33,4
SOFT,9,1
SOFT,14,1
SOFT,27,1
SOFT,28,1
SOFT,36,1
SOFT,46,1
HARD,27,1
HARD,31,1
HARD,32,1
HARD,33,1
HARD,34,1
HARD,35,2
HARD,36,2
HARD,37,2
HARD,40,1
HARD,41,1
HARD,42,1
HARD,50,1
HARD,54,1
MEDIUM,1,1
MEDIUM,11,3
MEDIUM,12,9
MEDIUM,38,1
MEDIUM,39,1
MEDIUM,53,1
MEDIUM,68,1
SOFT,10,1
HARD,60,1
INTERMEDIATE,9,3
INTERMEDIATE,10,8
INTERMEDIATE,11,3
INTERMEDIATE,12,1
INTERMEDIATE,63,12
INTERMEDIATE,64,16
INTERMEDIATE,67,1
MEDIUM,3,1
MEDIUM,34,1
MEDIUM,37,1
MEDIUM,46,1
MEDIUM,47,1
MEDIUM,48,1
MEDIUM,60,2
MEDIUM,61,1
SOFT,1,7
SOFT,2,4
SOFT,3,1
SOFT,4,2
SOFT,15,1
SOFT,16,4
SOFT,17,1
SOFT,35,1
SOFT,41,2
SOFT,42,1
SOFT,43,1
SOFT,44,1
SOFT,45,2
SOFT,46,2
SOFT,48,1
SOFT,49,1
SOFT,59,2
SOFT,60,9
SOFT,61,3
WET,63,1
WET,64,1
HARD,24,1
HARD,28,1
HARD,29,1
HARD,31,1
HARD,34,2
HARD,38,2
HARD,40,1
HARD,41,1
HARD,42,1
HARD,43,2
HARD,44,3
HARD,49,1
HARD,51,1
HARD,67,1
MEDIUM,2,1
MEDIUM,8,1
MEDIUM,9,1
MEDIUM,10,1
MEDIUM,13,1
MEDIUM,14,1
MEDIUM,16,2
MEDIUM,17,2
MEDIUM,18,2
MEDIUM,20,1
MEDIUM,23,1
MEDIUM,42,1
MEDIUM,46,1
SOFT,1,1
SOFT,9,2
SOFT,15,1
HARD,12,1
HARD,25,1
HARD,27,1
HARD,31,1
HARD,33,2
HARD,39,2
HARD,41,1
MEDIUM,10,1
MEDIUM,11,1
MEDIUM,13,1
MEDIUM,14,2
MEDIUM,15,1
MEDIUM,19,2
MEDIUM,20,3
MEDIUM,21,2
MEDIUM,22,1
MEDIUM,23,1
MEDIUM,24,1
MEDIUM,33,1
HARD,7,1
HARD,12,1
HARD,22,1
HARD,25,1
HARD,28,1
HARD,31,1
HARD,34,2
HARD,35,1
HARD,36,1
HARD,37,1
MEDIUM,1,2
MEDIUM,2,2
MEDIUM,5,1
MEDIUM,12,1
MEDIUM,13,2
MEDIUM,16,2
MEDIUM,17,2
MEDIUM,18,2
MEDIUM,20,1
MEDIUM,21,2
MEDIUM,24,1
MEDIUM,25,1
MEDIUM,30,1
MEDIUM,34,1
MEDIUM,37,1
MEDIUM,38,1
SOFT,1,2
SOFT,6,1
SOFT,8,1
SOFT,9,1
SOFT,10,2
SOFT,11,1
SOFT,13,1
SOFT,14,2
SOFT,15,1
SOFT,26,1
SOFT,29,1
HARD,16,1
HARD,17,1
HARD,24,1
HARD,26,9
HARD,43,1
MEDIUM,1,3
MEDIUM,3,1
MEDIUM,12,1
MEDIUM,14,1
MEDIUM,15,2
MEDIUM,16,2
MEDIUM,17,2
MEDIUM,20,1
MEDIUM,21,2
MEDIUM,26,1
SOFT,3,1
SOFT,10,1
HARD,33,3
HARD,34,16
HARD,47,1
HARD,66,1
MEDIUM,1,1
MEDIUM,9,1
MEDIUM,19,1
MEDIUM,21,1
MEDIUM,22,1
MEDIUM,23,2
MEDIUM,24,1
MEDIUM,25,1
MEDIUM,26,1
MEDIUM,27,1
MEDIUM,28,1
MEDIUM,29,1
MEDIUM,30,2
MEDIUM,31,2
MEDIUM,34,2
MEDIUM,71,1
SOFT,11,1
HARD,31,1
HARD,33,1
HARD,36,1
HARD,37,1
HARD,39,1
HARD,42,1
HARD,45,1
MEDIUM,2,1
MEDIUM,14,1
MEDIUM,15,3
MEDIUM,17,2
MEDIUM,18,1
MEDIUM,20,1
MEDIUM,22,1
MEDIUM,24,1
SOFT,4,1
SOFT,5,1
HARD,23,1
HARD,33,1
HARD,34,1
HARD,44,1
HARD,47,1
HARD,51,2
HARD,52,2
HARD,54,7
HARD,56,1
INTERMEDIATE,57,1
INTERMEDIATE,59,1
MEDIUM,1,2
MEDIUM,18,1
MEDIUM,20,1
MEDIUM,31,1
MEDIUM,32,1
MEDIUM,50,1
MEDIUM,53,3
MEDIUM,54,1
MEDIUM,55,4
SOFT,1,1
SOFT,52,1
WET,70,1
WET,71,1
HARD,17,1
HARD,21,1
HARD,27,1
HARD,35,1
HARD,39,4
HARD,40,2
HARD,43,2
HARD,44,3
HARD,50,1
HARD,51,1
HARD,52,1
MEDIUM,1,1
MEDIUM,3,1
MEDIUM,9,1
MEDIUM,10,1
MEDIUM,11,2
MEDIUM,12,2
MEDIUM,13,3
MEDIUM,14,1
MEDIUM,17,1
MEDIUM,18,2
MEDIUM,21,3
MEDIUM,22,1
MEDIUM,25,3
MEDIUM,26,3
MEDIUM,27,1
MEDIUM,31,2
MEDIUM,32,1
MEDIUM,34,1
MEDIUM,39,1
MEDIUM,43,2
MEDIUM,44,1
SOFT,3,3
HARD,17,1
HARD,18,3
HARD,19,1
HARD,27,1
MEDIUM,1,1
MEDIUM,8,1
MEDIUM,9,1
MEDIUM,11,2
MEDIUM,13,1
MEDIUM,14,1
MEDIUM,15,1
MEDIUM,16,1
MEDIUM,17,3
MEDIUM,18,4
MEDIUM,35,1
SOFT,2,1
SOFT,16,1
MEDIUM,1,1
MEDIUM,2,3
MEDIUM,22,1
MEDIUM,24,1
MEDIUM,31,1
MEDIUM,39,1
MEDIUM,45,1
MEDIUM,46,3
MEDIUM,47,1
MEDIUM,51,1
MEDIUM,52,1
MEDIUM,55,2
MEDIUM,56,1
MEDIUM,59,1
SOFT,1,16
SOFT,2,14
SOFT,14,1
SOFT,15,1
SOFT,17,1
SOFT,18,2
SOFT,19,1
SOFT,20,1
SOFT,21,1
SOFT,22,1
SOFT,25,1
SOFT,26,4
SOFT,27,2
SOFT,44,1
SOFT,46,1
SOFT,51,1
SOFT,52,1
SOFT,57,1
HARD,20,1
HARD,39,1
HARD,40,2
HARD,43,3
HARD,44,3
MEDIUM,19,1
MEDIUM,20,12
SOFT,2,1
SOFT,20,1
HARD,16,1
HARD,22,1
HARD,34,1
HARD,36,2
HARD,37,1
HARD,38,1
HARD,39,2
HARD,42,1
HARD,43,1
HARD,50,1
HARD,52,1
MEDIUM,17,1
MEDIUM,24,1
MEDIUM,26,2
MEDIUM,27,1
MEDIUM,35,1
MEDIUM,39,1
MEDIUM,41,1
MEDIUM,45,1
MEDIUM,50,2
SOFT,1,1
SOFT,5,1
SOFT,8,1
SOFT,9,2
SOFT,10,2
SOFT,13,1
SOFT,14,1
SOFT,15,1
SOFT,16,1
SOFT,17,1
SOFT,19,2
SOFT,24,1
SOFT,25,1
SOFT,34,1
SOFT,41,1
SOFT,44,1
HARD,19,1
HARD,20,1
HARD,27,1
HARD,28,1
HARD,29,2
HARD,32,1
HARD,34,2
HARD,38,1
HARD,39,1
HARD,47,1
HARD,49,1
MEDIUM,6,1
MEDIUM,9,1
MEDIUM,10,4
MEDIUM,11,1
MEDIUM,16,1
MEDIUM,17,4
MEDIUM,18,1
MEDIUM,19,1
MEDIUM,20,1
MEDIUM,21,1
MEDIUM,22,1
MEDIUM,23,1
MEDIUM,34,1
MEDIUM,35,2
MEDIUM,37,2
MEDIUM,40,1
MEDIUM,42,1
MEDIUM,54,1
HARD,24,1
HARD,26,1
HARD,29,2
HARD,30,2
HARD,32,2
HARD,34,1
HARD,37,1
HARD,39,1
MEDIUM,3,1
MEDIUM,4,1
MEDIUM,6,1
MEDIUM,11,1
MEDIUM,12,3
MEDIUM,13,2
MEDIUM,14,1
MEDIUM,20,1
MEDIUM,22,2
MEDIUM,23,1
MEDIUM,25,1
MEDIUM,26,2
MEDIUM,29,1
SOFT,55,1
HARD,16,1
HARD,17,2
HARD,27,1
HARD,29,1
HARD,33,1
HARD,34,1
HARD,35,2
HARD,36,2
HARD,37,1
HARD,39,1
HARD,40,1
HARD,41,2
HARD,42,1
HARD,45,1
MEDIUM,4,1
MEDIUM,6,1
MEDIUM,7,1
MEDIUM,8,3
MEDIUM,9,4
MEDIUM,14,2
MEDIUM,16,1
MEDIUM,17,1
MEDIUM,35,1
MEDIUM,41,1
SOFT,5,1
SOFT,6,1
SOFT,7,1
HARD,16,1
HARD,28,1
HARD,37,1
HARD,38,1
HARD,39,2
HARD,42,2
HARD,43,1
HARD,44,1
HARD,47,1
HARD,49,1
HARD,51,4
HARD,53,1
HARD,68,1
MEDIUM,1,2
MEDIUM,10,2
MEDIUM,11,2
MEDIUM,12,1
MEDIUM,19,2
MEDIUM,20,3
MEDIUM,21,3
MEDIUM,22,2
MEDIUM,23,2
MEDIUM,25,1
MEDIUM,33,1
MEDIUM,35,1
MEDIUM,43,1
MEDIUM,46,1
MEDIUM,51,2
MEDIUM,64,2
HARD,14,1
HARD,22,1
HARD,31,1
HARD,34,1
HARD,37,1
HARD,45,1
HARD,49,3
HARD,50,1
MEDIUM,1,1
MEDIUM,10,1
MEDIUM,11,2
MEDIUM,12,4
MEDIUM,13,1
MEDIUM,14,1
MEDIUM,15,2
MEDIUM,16,1
MEDIUM,17,1
HARD,20,1
HARD,27,1
HARD,28,2
HARD,30,2
HARD,31,2
HARD,32,1
HARD,33,2
HARD,34,3
HARD,35,2
HARD,36,2
HARD,37,1
HARD,40,1
HARD,41,2
HARD,43,1
SOFT,1,1
SOFT,9,2
SOFT,10,2
SOFT,11,3
SOFT,12,5
SOFT,13,2
SOFT,14,2
SOFT,15,2
SOFT,17,1
HARD,5,1
HARD,20,2
HARD,25,1
HARD,26,1
HARD,28,2
HARD,29,1
HARD,30,2
HARD,35,1
HARD,42,1
MEDIUM,7,1
MEDIUM,8,2
MEDIUM,9,1
MEDIUM,10,2
MEDIUM,11,4
MEDIUM,12,3
MEDIUM,13,1
MEDIUM,15,2
MEDIUM,17,1
MEDIUM,21,2
MEDIUM,23,1
MEDIUM,24,1
MEDIUM,28,1
SOFT,8,1
HARD,19,1
HARD,50,1
INTERMEDIATE,21,1
INTERMEDIATE,26,1
INTERMEDIATE,27,1
INTERMEDIATE,28,1
INTERMEDIATE,33,1
INTERMEDIATE,37,6
INTERMEDIATE,38,8
INTERMEDIATE,39,4
MEDIUM,19,2
MEDIUM,26,7
MEDIUM,27,8
MEDIUM,28,1
MEDIUM,47,1
SOFT,12,1
SOFT,19,1
HARD,31,1
HARD,54,1
INTERMEDIATE,24,1
INTERMEDIATE,25,13
INTERMEDIATE,26,2
INTERMEDIATE,28,1
INTERMEDIATE,40,1
INTERMEDIATE,41,2
INTERMEDIATE,42,1
INTERMEDIATE,43,4
INTERMEDIATE,44,8
INTERMEDIATE,45,2
INTERMEDIATE,47,1
MEDIUM,52,2
MEDIUM,53,1
MEDIUM,54,2
WET,7,1
WET,12,1
HARD,17,1
HARD,23,7
HARD,26,1
HARD,27,1
HARD,38,1
HARD,40,1
MEDIUM,8,2
MEDIUM,9,3
MEDIUM,11,3
MEDIUM,13,2
MEDIUM,14,1
MEDIUM,16,1
MEDIUM,17,1
MEDIUM,21,3
MEDIUM,22,1
MEDIUM,23,3
MEDIUM,24,2
MEDIUM,33,1
MEDIUM,35,1
SOFT,8,1
SOFT,9,2
SOFT,12,1
SOFT,43,1
HARD,40,1
HARD,43,1
HARD,48,1
HARD,51,1
HARD,54,2
MEDIUM,12,1
MEDIUM,14,1
MEDIUM,18,1
MEDIUM,22,1
MEDIUM,24,1
MEDIUM,25,1
MEDIUM,27,1
MEDIUM,28,1
MEDIUM,29,2
MEDIUM,30,3
MEDIUM,31,1
MEDIUM,32,2
MEDIUM,33,1
SOFT,14,1
SOFT,15,1
SOFT,23,1
HARD,9,1
HARD,30,1
HARD,31,1
HARD,33,1
HARD,37,1
HARD,40,1
HARD,52,1
MEDIUM,8,2
MEDIUM,11,1
MEDIUM,12,1
MEDIUM,13,1
MEDIUM,21,1
MEDIUM,22,1
MEDIUM,23,2
MEDIUM,24,1
MEDIUM,25,2
MEDIUM,27,2
MEDIUM,28,1
MEDIUM,37,2
MEDIUM,51,1
MEDIUM,59,1
SOFT,7,1
SOFT,8,1
HARD,28,3
HARD,29,2
HARD,30,1
HARD,33,2
HARD,34,1
HARD,36,1
HARD,40,2
HARD,45,2
HARD,47,2
HARD,49,1
HARD,63,1
HARD,64,1
MEDIUM,2,1
MEDIUM,6,1
MEDIUM,7,2
MEDIUM,8,1
MEDIUM,16,2
MEDIUM,17,1
MEDIUM,18,1
MEDIUM,21,2
MEDIUM,23,1
MEDIUM,29,1
MEDIUM,33,1
MEDIUM,37,1
MEDIUM,45,1
MEDIUM,47,1
MEDIUM,53,1
SOFT,6,2
SOFT,7,1
SOFT,14,1
HARD,7,1
HARD,19,1
HARD,22,1
HARD,23,1
HARD,30,1
HARD,31,1
HARD,32,2
HARD,33,2
HARD,35,2
HARD,36,1
HARD,37,1
HARD,38,1
HARD,41,1
MEDIUM,5,1
MEDIUM,10,1
MEDIUM,11,2
MEDIUM,12,1
MEDIUM,14,2
MEDIUM,15,3
MEDIUM,16,2
MEDIUM,17,1
MEDIUM,19,1
MEDIUM,50,1
HARD,11,1
HARD,12,1
HARD,16,1
HARD,19,1
HARD,22,4
HARD,23,1
HARD,26,1
HARD,32,1
HARD,33,2
HARD,34,2
HARD,37,1
HARD,39,1
MEDIUM,1,11
MEDIUM,11,1
MEDIUM,12,1
MEDIUM,15,2
MEDIUM,16,1
MEDIUM,22,2
MEDIUM,26,1
MEDIUM,32,1
MEDIUM,33,2
MEDIUM,34,1
MEDIUM,36,1
MEDIUM,41,1
SOFT,1,7
SOFT,5,1
SOFT,6,1
SOFT,7,2
SOFT,12,1
SOFT,13,1
HARD,15,1
HARD,16,1
HARD,17,2
HARD,24,1
HARD,25,2
HARD,27,2
HARD,28,2
HARD,29,1
HARD,30,1
HARD,31,1
HARD,32,1
HARD,33,1
HARD,34,1
HARD,38,1
HARD,45,1
HARD,48,1
MEDIUM,9,4
MEDIUM,10,4
MEDIUM,11,4
MEDIUM,12,2
MEDIUM,13,1
MEDIUM,14,1
MEDIUM,17,1
MEDIUM,26,1
MEDIUM,32,1
MEDIUM,35,1
SOFT,4,1
HARD,20,1
HARD,39,1
HARD,43,1
HARD,47,1
HARD,48,1
HARD,49,1
HARD,69,1
MEDIUM,15,1
MEDIUM,26,2
MEDIUM,28,2
MEDIUM,29,1
MEDIUM,30,2
MEDIUM,31,2
MEDIUM,32,1
MEDIUM,39,1
MEDIUM,43,1
MEDIUM,65,1
MEDIUM,68,1
HARD,22,2
HARD,26,1
HARD,28,4
HARD,29,1
HARD,40,1
HARD,53,1
MEDIUM,10,1
MEDIUM,11,2
MEDIUM,12,2
MEDIUM,17,1
MEDIUM,19,1
MEDIUM,22,1
MEDIUM,23,1
MEDIUM,24,1
MEDIUM,27,2
MEDIUM,28,3
MEDIUM,29,1
MEDIUM,31,1
SOFT,11,1
HARD,1,8
HARD,48,1
HARD,57,1
HARD,70,1
MEDIUM,1,8
MEDIUM,15,1
MEDIUM,42,1
MEDIUM,51,1
MEDIUM,52,1
HARD,1,1
HARD,7,1
HARD,8,1
HARD,31,1
HARD,35,3
HARD,36,14
HARD,37,12
HARD,40,2
HARD,45,1
HARD,47,1
MEDIUM,1,1
MEDIUM,23,1
MEDIUM,24,1
MEDIUM,27,1
MEDIUM,34,3
MEDIUM,35,10
MEDIUM,36,2
MEDIUM,37,2
SOFT,36,1
SOFT,37,1
SOFT,55,1
HARD,35,1
MEDIUM,1,1
MEDIUM,7,12
MEDIUM,33,1
MEDIUM,36,1
MEDIUM,37,1
MEDIUM,41,1
SOFT,7,2
INTERMEDIATE,24,1
INTERMEDIATE,25,1
INTERMEDIATE,26,1
INTERMEDIATE,27,8
INTERMEDIATE,28,5
INTERMEDIATE,30,2
INTERMEDIATE,32,13
WET,29,1
WET,31,1
WET,32,3
HARD,15,1
HARD,26,1
HARD,28,1
HARD,33,1
HARD,34,1
MEDIUM,11,1
MEDIUM,13,1
MEDIUM,25,1
MEDIUM,27,1
MEDIUM,28,1
MEDIUM,29,4
MEDIUM,30,1
MEDIUM,33,1
MEDIUM,36,1
MEDIUM,37,1
MEDIUM,38,1
MEDIUM,46,1
MEDIUM,49,1
SOFT,10,1
SOFT,17,1
SOFT,57,1
SOFT,58,1
HARD,44,1
MEDIUM,18,1
MEDIUM,27,1
MEDIUM,29,1
MEDIUM,34,1
MEDIUM,36,2
MEDIUM,37,2
MEDIUM,38,2
MEDIUM,41,1
MEDIUM,42,1
MEDIUM,43,1
MEDIUM,44,1
MEDIUM,45,1
MEDIUM,46,1
MEDIUM,47,2
MEDIUM,49,1
SOFT,9,2
SOFT,10,1
SOFT,11,1
SOFT,12,1
SOFT,13,2
SOFT,14,2
SOFT,15,2
SOFT,16,2
SOFT,17,2
SOFT,19,1
SOFT,21,1
SOFT,23,1
SOFT,24,1
SOFT,28,1
SOFT,31,1
SOFT,43,1
HARD,27,1
HARD,36,1
HARD,38,1
HARD,39,1
HARD,40,1
HARD,51,1
MEDIUM,3,1
MEDIUM,13,1
MEDIUM,15,1
MEDIUM,17,1
MEDIUM,18,2
MEDIUM,21,1
MEDIUM,25,1
MEDIUM,26,3
MEDIUM,27,1
MEDIUM,31,2
MEDIUM,32,1
MEDIUM,33,1
MEDIUM,35,1
HARD,31,1
HARD,32,2
HARD,33,1
HARD,39,1
HARD,40,3
HARD,41,1
HARD,42,2
MEDIUM,13,1
MEDIUM,14,3
MEDIUM,15,2
MEDIUM,16,3
MEDIUM,18,1
MEDIUM,19,1
MEDIUM,21,1
MEDIUM,23,1
SOFT,7,1
SOFT,8,2
HARD,44,5
HARD,46,1
HARD,47,2
INTERMEDIATE,2,17
INTERMEDIATE,3,17
INTERMEDIATE,4,17
INTERMEDIATE,33,9
INTERMEDIATE,34,5
INTERMEDIATE,39,2
MEDIUM,44,4
MEDIUM,46,2
MEDIUM,47,1
HARD,30,1
HARD,38,1
HARD,39,1
HARD,49,1
HARD,50,2
HARD,52,1
HARD,53,2
MEDIUM,13,1
MEDIUM,15,1
MEDIUM,18,2
MEDIUM,19,1
MEDIUM,20,1
MEDIUM,21,1
MEDIUM,24,1
MEDIUM,25,1
MEDIUM,26,2
MEDIUM,28,1
MEDIUM,32,1
MEDIUM,33,1
MEDIUM,39,1
MEDIUM,42,1
MEDIUM,45,1
MEDIUM,49,1
MEDIUM,60,1
SOFT,2,1
SOFT,11,1
SOFT,12,2
SOFT,13,1
HARD,1,1
HARD,26,1
HARD,28,1
HARD,35,1
HARD,36,2
HARD,38,1
HARD,39,1
HARD,40,1
MEDIUM,1,1
MEDIUM,2,1
MEDIUM,15,1
MEDIUM,16,1
MEDIUM,18,1
MEDIUM,19,1
MEDIUM,20,1
MEDIUM,21,1
MEDIUM,27,1
MEDIUM,29,1
MEDIUM,37,2
HARD,26,1
HARD,32,4
HARD,44,1
MEDIUM,13,1
MEDIUM,14,1
MEDIUM,16,1
MEDIUM,17,2
MEDIUM,27,3
MEDIUM,28,3
MEDIUM,32,9
SOFT,5,1
SOFT,6,1
SOFT,8,1
SOFT,9,1
SOFT,10,3
SOFT,11,1
SOFT,12,2
SOFT,13,1
SOFT,14,3
SOFT,16,1
SOFT,32,1
SOFT,45,1
INTERMEDIATE,11,4
INTERMEDIATE,12,12
INTERMEDIATE,13,4
MEDIUM,20,1
MEDIUM,26,1
MEDIUM,28,1
MEDIUM,29,1
MEDIUM,30,1
MEDIUM,32,1
HARD,9,1
HARD,10,2
INTERMEDIATE,2,1
INTERMEDIATE,6,1
INTERMEDIATE,9,1
INTERMEDIATE,11,8
INTERMEDIATE,12,1
INTERMEDIATE,18,1
INTERMEDIATE,20,1
INTERMEDIATE,23,1
INTERMEDIATE,37,1
INTERMEDIATE,38,1
INTERMEDIATE,41,7
INTERMEDIATE,42,4
INTERMEDIATE,43,1
INTERMEDIATE,44,1
MEDIUM,10,2
SOFT,10,1
HARD,24,1
HARD,28,1
HARD,29,1
HARD,37,1
HARD,38,2
HARD,42,1
HARD,45,2
HARD,49,1
HARD,50,1
HARD,51,1
HARD,53,2
HARD,56,1
HARD,57,2
HARD,66,5
HARD,67,8
HARD,68,7
HARD,69,6
MEDIUM,12,1
MEDIUM,13,2
MEDIUM,14,2
MEDIUM,15,2
MEDIUM,16,1
MEDIUM,18,1
MEDIUM,19,1
MEDIUM,23,1
MEDIUM,47,1
MEDIUM,54,1
MEDIUM,66,6
MEDIUM,67,6
MEDIUM,68,6
MEDIUM,69,1
SOFT,67,3
SOFT,68,4
SOFT,69,1
HARD,18,1
HARD,26,2
HARD,33,1
HARD,35,1
HARD,36,1
HARD,37,1
HARD,46,1
MEDIUM,1,1
MEDIUM,4,1
MEDIUM,10,1
MEDIUM,11,3
MEDIUM,12,2
MEDIUM,13,2
MEDIUM,14,2
MEDIUM,15,2
MEDIUM,17,1
MEDIUM,20,2
MEDIUM,30,1
HARD,27,2
HARD,40,1
HARD,51,1
HARD,52,3
HARD,53,9
HARD,60,1
MEDIUM,8,1
MEDIUM,18,1
MEDIUM,22,2
MEDIUM,23,9
MEDIUM,53,1
MEDIUM,65,1
SOFT,19,3
SOFT,23,1
SOFT,51,1
SOFT,52,1
SOFT,53,1
SOFT,65,1
HARD,29,11
HARD,30,1
HARD,46,7
HARD,47,1
MEDIUM,1,1
MEDIUM,9,1
MEDIUM,10,2
MEDIUM,11,2
MEDIUM,12,2
MEDIUM,13,1
MEDIUM,14,1
MEDIUM,22,1
MEDIUM,28,1
MEDIUM,29,3
MEDIUM,31,1
MEDIUM,46,1
HARD,32,1
HARD,35,1
HARD,40,1
HARD,42,1
HARD,43,1
HARD,45,1
HARD,48,2
HARD,51,1
MEDIUM,13,1
MEDIUM,14,1
MEDIUM,17,1
MEDIUM,18,1
MEDIUM,19,2
MEDIUM,20,1
MEDIUM,21,1
MEDIUM,30,1
MEDIUM,31,1
MEDIUM,33,1
MEDIUM,36,1
MEDIUM,38,1
MEDIUM,39,1
MEDIUM,40,2
MEDIUM,41,1
SOFT,5,1
SOFT,14,1
SOFT,15,1
SOFT,37,1
HARD,24,1
HARD,32,1
HARD,41,1
HARD,49,2
HARD,51,1
MEDIUM,18,1
MEDIUM,19,1
MEDIUM,20,2
MEDIUM,27,1
MEDIUM,28,1
MEDIUM,30,1
MEDIUM,33,2
MEDIUM,37,1
MEDIUM,38,1
MEDIUM,45,1
MEDIUM,46,1
SOFT,9,1
HARD,30,2
HARD,31,1
HARD,32,1
MEDIUM,19,1
MEDIUM,20,1
MEDIUM,21,3
MEDIUM,22,1
MEDIUM,23,2
MEDIUM,24,3
MEDIUM,25,1
MEDIUM,31,1
MEDIUM,33,2
SOFT,9,1
SOFT,15,1
HARD,1,1
HARD,13,1
HARD,25,1
HARD,27,1
HARD,28,1
HARD,29,1
HARD,30,1
HARD,34,1
MEDIUM,1,1
MEDIUM,2,3
MEDIUM,14,1
MEDIUM,16,1
MEDIUM,17,2
MEDIUM,20,1
MEDIUM,21,1
MEDIUM,22,2
MEDIUM,24,1
MEDIUM,25,1
MEDIUM,27,1
MEDIUM,35,1
SOFT,2,1
HARD,5,1
HARD,41,1
HARD,48,1
MEDIUM,17,1
MEDIUM,33,1
MEDIUM,34,2
MEDIUM,36,1
MEDIUM,37,2
MEDIUM,43,1
MEDIUM,47,3
MEDIUM,48,2
SOFT,2,1
SOFT,20,1
SOFT,22,1
SOFT,23,1
SOFT,24,2
SOFT,25,2
SOFT,26,1
SOFT,27,1
SOFT,31,1
SOFT,34,1
SOFT,46,1
SOFT,56,1
HARD,28,3
HARD,29,1
HARD,32,1
HARD,36,1
MEDIUM,19,1
MEDIUM,20,1
MEDIUM,22,1
MEDIUM,23,1
MEDIUM,25,2
MEDIUM,26,2
MEDIUM,27,1
MEDIUM,29,3
MEDIUM,36,1
HARD,13,1
HARD,16,1
HARD,17,2
HARD,18,1
HARD,26,1
HARD,28,1
HARD,44,1
HARD,48,2
HARD,49,1
HARD,50,1
HARD,53,1
HARD,56,1
HARD,64,1
HARD,69,1
HARD,73,1
MEDIUM,1,3
MEDIUM,8,1
MEDIUM,12,1
MEDIUM,14,1
MEDIUM,16,1
MEDIUM,19,1
MEDIUM,20,1
MEDIUM,22,1
MEDIUM,26,1
MEDIUM,28,1
MEDIUM,31,1
MEDIUM,32,1
MEDIUM,40,1
MEDIUM,53,1
MEDIUM,62,1
MEDIUM,68,1
MEDIUM,71,1
MEDIUM,77,1
SOFT,1,1
SOFT,19,1
SOFT,35,1
SOFT,40,1
HARD,7,2
HARD,9,1
HARD,32,1
HARD,40,1
HARD,41,1
HARD,55,1
MEDIUM,7,13
MEDIUM,8,1
MEDIUM,24,2
MEDIUM,25,1
MEDIUM,32,14
MEDIUM,34,1
MEDIUM,42,1
MEDIUM,44,1
MEDIUM,49,1
SOFT,7,1
SOFT,55,1
HARD,32,1
HARD,33,1
HARD,34,2
HARD,39,1
MEDIUM,1,4
MEDIUM,18,1
MEDIUM,19,3
MEDIUM,20,2
MEDIUM,21,2
MEDIUM,22,1
MEDIUM,23,1
MEDIUM,29,1
HARD,2,1
HARD,7,1
HARD,8,1
HARD,14,1
HARD,28,1
HARD,29,1
MEDIUM,24,1
MEDIUM,29,1
MEDIUM,30,1
MEDIUM,32,1
MEDIUM,34,2
MEDIUM,35,1
MEDIUM,36,1
MEDIUM,37,2
MEDIUM,38,2
MEDIUM,39,1
MEDIUM,42,1
MEDIUM,46,1
MEDIUM,47,3
MEDIUM,54,2
SOFT,2,1
SOFT,17,2
SOFT,18,2
SOFT,19,1
SOFT,21,1
SOFT,43,1
SOFT,48,1
SOFT,50,1
SOFT,51,1
SOFT,55,1
HARD,44,1
HARD,46,1
HARD,51,1
MEDIUM,13,1
MEDIUM,21,1
MEDIUM,23,1
MEDIUM,24,2
MEDIUM,25,3
MEDIUM,26,1
MEDIUM,27,1
MEDIUM,30,1
MEDIUM,42,1
MEDIUM,48,1
MEDIUM,50,1
SOFT,13,1
SOFT,14,1
SOFT,19,1
SOFT,20,1
SOFT,27,1
SOFT,38,1
MEDIUM,8,1
MEDIUM,35,1
MEDIUM,39,1
MEDIUM,40,1
MEDIUM,41,1
MEDIUM,42,1
MEDIUM,43,1
MEDIUM,44,1
MEDIUM,45,1
MEDIUM,46,1
MEDIUM,47,1
MEDIUM,48,2
MEDIUM,49,3
MEDIUM,54,1
MEDIUM,55,3
SOFT,6,1
SOFT,8,1
SOFT,9,2
SOFT,10,1
SOFT,13,1
SOFT,14,1
SOFT,15,1
SOFT,16,1
SOFT,17,1
SOFT,18,1
SOFT,19,2
SOFT,20,2
SOFT,21,2
SOFT,22,1
SOFT,24,1
SOFT,26,1
SOFT,27,1
SOFT,29,1
SOFT,31,1
SOFT,34,1
SOFT,44,1
SOFT,54,3
SOFT,55,6
SOFT,56,1
HARD,7,1
HARD,24,1
HARD,28,1
MEDIUM,27,1
MEDIUM,29,1
MEDIUM,30,4
MEDIUM,31,2
MEDIUM,32,2
MEDIUM,33,3
MEDIUM,36,2
SOFT,14,1
SOFT,22,1
SOFT,28,1
