Compound,TyreLifeInt,median_loss,mean_loss,n
HARD,2,0.7519999999999953,1.1252432741843161,1747
HARD,3,0.7909999999999968,1.153405935613682,1988
HARD,4,0.8284999999999982,1.1497046556741028,2062
HARD,5,0.8359999999999985,1.1430582386363635,2112
HARD,6,0.8539999999999992,1.123053878309336,2153
HARD,7,0.8359999999999985,1.0931399176954735,2187
HARD,8,0.855000000000004,1.1012672413793105,2204
HARD,9,0.8309999999999889,1.0863467998184297,2203
HARD,10,0.8185000000000002,1.0449608655616942,2172
HARD,11,0.8160000000000025,1.0375690376569038,2151
HARD,12,0.8174999999999955,1.034652919369787,2158
HARD,13,0.7885000000000062,1.0313900943396228,2120
HARD,14,0.7809999999999917,1.0187283126787416,2098
HARD,15,0.8010000000000019,1.0243347889374093,2061
HARD,16,0.7824999999999918,0.9860569306930693,2020
HARD,17,0.7749999999999915,0.9753057978450488,1949
HARD,18,0.7870000000000061,0.9627598488936858,1853
HARD,19,0.7860000000000014,0.9630033204205867,1807
HARD,20,0.7620000000000005,0.9693407105416425,1717
HARD,21,0.7630000000000052,0.9643808955223881,1675
HARD,22,0.7680000000000007,0.9966771159874609,1595
HARD,23,0.7409999999999997,0.975164791528789,1511
HARD,24,0.7309999999999945,0.9727651245551603,1405
HARD,25,0.6809999999999974,0.9456410635155097,1354
HARD,26,0.7004999999999981,0.9260147975077881,1284
HARD,27,0.7309999999999945,1.0136365853658538,1230
HARD,28,0.6479999999999961,0.9232239583333336,1152
HARD,29,0.6100000000000136,0.8580894687791242,1073
HARD,30,0.6140000000000043,0.8526434262948209,1004
HARD,31,0.6019999999999897,0.861874587458746,909
HARD,32,0.6059999999999945,0.8779017543859652,855
HARD,33,0.5750000000000028,0.8645725094577553,793
HARD,34,0.5649999999999906,0.8753669467787114,714
HARD,35,0.5669999999999931,0.8985565891472868,645
HARD,36,0.5810000000000031,0.8980418848167537,573
HARD,37,0.583000000000002,0.9131781609195401,522
HARD,38,0.5019999999999953,0.8612205567451817,467
HARD,39,0.5160000000000053,0.8748289156626506,415
HARD,40,0.5589999999999975,0.9135860215053763,372
HARD,41,0.634999999999998,1.0317654320987653,324
HARD,42,0.6159999999999997,0.9548292682926826,287
HARD,43,0.5914999999999964,0.944661157024793,242
HARD,44,0.6439999999999984,1.0793333333333333,204
HARD,45,0.6079999999999899,1.1113257142857131,175
HARD,46,0.5805000000000007,1.0879791666666656,144
HARD,47,0.5705000000000027,1.0756666666666663,132
HARD,48,0.6730000000000018,1.167378151260503,119
HARD,49,0.6664999999999992,1.2612211538461524,104
HARD,50,0.7310000000000016,1.2559024390243896,82
HARD,51,0.8129999999999953,1.6680972222222221,72
HARD,52,0.9539999999999935,2.1297627118644065,59
HARD,53,0.9575000000000031,2.02806,50
HARD,54,1.251499999999993,1.6875000000000002,44
HARD,55,1.0559999999999903,1.3857499999999991,40
HARD,56,1.0170000000000101,1.4209459459459464,37
HARD,57,0.938999999999993,1.280562499999999,32
HARD,58,1.0629999999999882,1.3202068965517217,29
HARD,59,1.1400000000000006,1.5092399999999986,25
HYPERSOFT,4,1.9549999999999983,1.8754137931034474,29
HYPERSOFT,5,1.235999999999997,1.6546764705882362,34
HYPERSOFT,6,1.0259999999999962,1.507,36
HYPERSOFT,7,1.3325000000000031,1.9212800000000003,50
HYPERSOFT,8,1.288499999999999,1.678479999999999,50
HYPERSOFT,9,1.0779999999999959,1.3489074074074077,54
HYPERSOFT,10,0.789999999999992,1.3057291666666673,48
HYPERSOFT,11,0.7349999999999994,1.2297777777777787,45
HYPERSOFT,12,0.5915000000000035,0.973261904761903,42
HYPERSOFT,13,0.7844999999999942,1.1055749999999995,40
HYPERSOFT,14,0.8134999999999977,1.0144736842105255,38
HYPERSOFT,15,1.0579999999999998,1.2539999999999993,36
HYPERSOFT,16,1.072499999999998,1.2975624999999997,32
HYPERSOFT,17,1.1999999999999886,1.5553548387096758,31
INTERMEDIATE,2,2.871999999999993,4.7365143884892085,278
INTERMEDIATE,3,2.809999999999988,4.8840775510204075,245
INTERMEDIATE,4,3.1814999999999998,4.881654471544715,246
INTERMEDIATE,5,2.890499999999996,4.180724025974026,308
INTERMEDIATE,6,2.9299999999999926,4.050143302180685,321
INTERMEDIATE,7,2.8714999999999975,4.256618181818181,330
INTERMEDIATE,8,2.580999999999989,4.029553623188406,345
INTERMEDIATE,9,2.319500000000005,3.4473076923076924,338
INTERMEDIATE,10,2.261500000000005,3.092792168674698,332
INTERMEDIATE,11,2.190000000000012,3.3365501519756835,329
INTERMEDIATE,12,2.2194999999999965,3.0065310344827583,290
INTERMEDIATE,13,2.266999999999996,2.7560992647058824,272
INTERMEDIATE,14,2.325000000000003,2.6344798534798533,273
INTERMEDIATE,15,2.1780000000000115,2.50789138576779,267
INTERMEDIATE,16,1.882000000000005,2.166782101167315,257
INTERMEDIATE,17,1.7019999999999982,2.0199482071713146,251
INTERMEDIATE,18,1.4349999999999952,1.7872948717948722,234
INTERMEDIATE,19,1.5189999999999912,1.6909111111111108,225
INTERMEDIATE,20,1.4640000000000057,1.6674724770642204,218
INTERMEDIATE,21,1.4749999999999943,1.6131282051282052,195
INTERMEDIATE,22,1.1415000000000006,1.4413388888888892,180
INTERMEDIATE,23,1.2780000000000058,1.406937142857143,175
INTERMEDIATE,24,1.0805000000000007,1.3748874999999996,160
INTERMEDIATE,25,1.166000000000011,1.293155038759689,129
INTERMEDIATE,26,1.112000000000009,1.2696055045871566,109
INTERMEDIATE,27,1.0180000000000007,1.1386666666666674,93
INTERMEDIATE,28,0.8810000000000002,1.0597999999999996,80
INTERMEDIATE,29,0.7850000000000108,1.365453333333334,75
INTERMEDIATE,30,0.8239999999999981,1.1611594202898552,69
INTERMEDIATE,31,0.6484999999999985,1.262972972972973,74
INTERMEDIATE,32,0.5769999999999982,1.1249552238805962,67
INTERMEDIATE,33,0.855000000000004,1.767946428571429,56
INTERMEDIATE,34,1.024000000000001,1.427957446808511,47
INTERMEDIATE,35,1.0600000000000023,1.3911749999999998,40
INTERMEDIATE,36,0.8920000000000101,1.4751428571428578,35
INTERMEDIATE,37,0.7540000000000049,0.963193548387097,31
MEDIUM,2,0.929000000000002,1.3614577711144427,2001
MEDIUM,3,0.697499999999998,1.073878717472119,2152
MEDIUM,4,0.6820000000000022,0.9972286838653257,2287
MEDIUM,5,0.7029999999999959,0.9958784329563813,2476
MEDIUM,6,0.6730000000000018,0.9652364280094413,2542
MEDIUM,7,0.7275000000000063,0.9873622685185183,2592
MEDIUM,8,0.7169999999999987,0.9527115756871853,2583
MEDIUM,9,0.695999999999998,0.966369830641985,2539
MEDIUM,10,0.7169999999999987,0.9709404525605397,2519
MEDIUM,11,0.7089999999999961,0.9413058489033306,2462
MEDIUM,12,0.7099999999999937,0.9194841303427846,2363
MEDIUM,13,0.722999999999999,0.9620583657587547,2313
MEDIUM,14,0.7304999999999993,0.9138523245214218,2194
MEDIUM,15,0.7219999999999942,0.9116276545540348,2119
MEDIUM,16,0.7289999999999992,0.9279412643106021,2009
MEDIUM,17,0.7219999999999942,0.9312923397602915,1919
MEDIUM,18,0.7199999999999989,0.9321774284110047,1781
MEDIUM,19,0.7064999999999984,0.9840825301204816,1660
MEDIUM,20,0.7079999999999913,0.9442145695364236,1510
MEDIUM,21,0.6489999999999938,0.8664661383285299,1388
MEDIUM,22,0.6314999999999955,0.9004359567901232,1296
MEDIUM,23,0.652000000000001,0.8843510548523204,1185
MEDIUM,24,0.6410000000000053,0.8615027472527471,1092
MEDIUM,25,0.6310000000000002,0.8952136317395726,983
MEDIUM,26,0.612000000000009,0.9372009080590235,881
MEDIUM,27,0.6029999999999944,0.8787968952134538,773
MEDIUM,28,0.6075000000000017,0.8430965417867432,694
MEDIUM,29,0.5390000000000015,0.8845603864734294,621
MEDIUM,30,0.5810000000000031,0.8568775510204077,539
MEDIUM,31,0.5810000000000031,0.8808033472803345,478
MEDIUM,32,0.5249999999999986,0.8850933014354063,418
MEDIUM,33,0.5060000000000002,0.8736565096952905,361
MEDIUM,34,0.5319999999999965,0.8611672025723474,311
MEDIUM,35,0.5694999999999979,0.8986917293233077,266
MEDIUM,36,0.5849999999999937,0.8998253275109168,229
MEDIUM,37,0.5045000000000002,0.8319545454545451,198
MEDIUM,38,0.5640000000000001,0.9172988505747123,174
MEDIUM,39,0.47099999999999653,0.876786666666666,150
MEDIUM,40,0.5485000000000042,0.8787109375000002,128
MEDIUM,41,0.5499999999999972,0.8819646017699115,113
MEDIUM,42,0.3960000000000008,0.847089108910891,101
MEDIUM,43,0.45599999999999596,0.8854545454545453,88
MEDIUM,44,0.6039999999999992,0.9313374999999999,80
MEDIUM,45,0.6410000000000053,0.8619508196721303,61
MEDIUM,46,0.7910000000000039,0.9788260869565218,46
MEDIUM,47,0.7099999999999937,1.2316153846153834,39
MEDIUM,48,0.617999999999995,1.309374999999999,32
MEDIUM,49,0.7040000000000077,1.0802800000000008,25
SOFT,1,1.453000000000003,1.8534516129032266,31
SOFT,2,0.8055000000000021,1.1913118131868132,728
SOFT,3,0.6419999999999959,1.003343878954608,727
SOFT,4,0.6550000000000011,1.0586446886446887,819
SOFT,5,0.7189999999999941,1.1538727969348659,1305
SOFT,6,0.6869999999999976,1.0659894498869633,1327
SOFT,7,0.6980000000000075,1.02853579175705,1383
SOFT,8,0.6979999999999933,0.9795451957295375,1405
SOFT,9,0.7060000000000031,0.9821767605633803,1420
SOFT,10,0.7025000000000006,0.9496064748201438,1390
SOFT,11,0.7400000000000091,0.9568886414253899,1347
SOFT,12,0.7560000000000002,0.9647276234567902,1296
SOFT,13,0.7899999999999991,0.9808584000000002,1250
SOFT,14,0.7750000000000057,0.9532753988245173,1191
SOFT,15,0.741500000000002,0.9455593065693434,1096
SOFT,16,0.7040000000000006,0.9361173570019725,1014
SOFT,17,0.7000000000000028,0.9331846318036288,937
SOFT,18,0.6980000000000075,0.9312577675489071,869
SOFT,19,0.61099999999999,0.8801485642946321,801
SOFT,20,0.5930000000000035,0.8775986486486487,740
SOFT,21,0.5769999999999982,0.8429076246334312,682
SOFT,22,0.6059999999999945,0.8381869009584665,626
SOFT,23,0.6219999999999999,0.9121735241502684,559
SOFT,24,0.5919999999999987,0.8168183716075159,479
SOFT,25,0.5859999999999985,0.9042369668246444,422
SOFT,26,0.6105000000000018,0.8869567567567571,370
SOFT,27,0.5945000000000036,0.828209090909091,330
SOFT,28,0.6200000000000045,0.9052941176470594,289
SOFT,29,0.5899999999999892,0.8360937500000001,256
SOFT,30,0.5345000000000013,0.7967252252252258,222
SOFT,31,0.6300000000000026,0.8639838709677419,186
SOFT,32,0.6900000000000119,0.9304601226993865,163
SOFT,33,0.7540000000000049,0.9523591549295776,142
SOFT,34,0.6780000000000044,1.0109846153846158,130
SOFT,35,0.7369999999999948,0.9995950413223142,121
SOFT,36,0.6764999999999972,1.0050188679245287,106
SOFT,37,0.6119999999999948,1.0157263157894743,95
SOFT,38,0.6880000000000024,0.9327037037037039,81
SOFT,39,0.7700000000000102,0.9878550724637692,69
SOFT,40,0.7029999999999887,1.0198412698412702,63
SOFT,41,0.6370000000000005,0.9268363636363636,55
SOFT,42,0.5920000000000059,0.7653800000000005,50
SOFT,43,0.644999999999996,1.1541956521739132,46
SOFT,44,0.7249999999999943,1.208560975609758,41
SOFT,45,0.5754999999999981,1.0361176470588251,34
SUPERSOFT,2,0.8709999999999951,1.1245728155339798,103
SUPERSOFT,3,0.902000000000001,1.3954587155963298,109
SUPERSOFT,4,1.0415000000000063,1.475684615384615,130
SUPERSOFT,5,1.269999999999996,1.8047133333333325,150
SUPERSOFT,6,1.137999999999991,1.502190476190476,147
SUPERSOFT,7,1.150500000000001,1.38159375,160
SUPERSOFT,8,1.0750000000000028,1.4084352941176472,170
SUPERSOFT,9,1.1424999999999983,1.511933333333333,180
SUPERSOFT,10,1.194500000000005,1.5180271739130438,184
SUPERSOFT,11,1.2349999999999994,1.4325027624309392,181
SUPERSOFT,12,1.0120000000000005,1.3968595505617971,178
SUPERSOFT,13,1.0435000000000016,1.3520117647058822,170
SUPERSOFT,14,1.097999999999999,1.4137484662576685,163
SUPERSOFT,15,0.9899999999999949,1.3618216560509553,157
SUPERSOFT,16,1.0300000000000011,1.3255644171779144,163
SUPERSOFT,17,0.9689999999999941,1.3626754966887418,151
SUPERSOFT,18,0.9320000000000022,1.2491678321678323,143
SUPERSOFT,19,0.9489999999999981,1.2847913669064752,139
SUPERSOFT,20,1.1380000000000052,1.3815547445255467,137
SUPERSOFT,21,0.9179999999999993,1.3795671641791043,134
SUPERSOFT,22,1.0559999999999974,1.2621937984496123,129
SUPERSOFT,23,0.9479999999999933,1.201086206896551,116
SUPERSOFT,24,1.0190000000000055,1.2720540540540533,111
SUPERSOFT,25,1.0405000000000015,1.3388867924528298,106
SUPERSOFT,26,1.0750000000000028,1.3669999999999998,95
SUPERSOFT,27,1.0264999999999986,1.2840568181818173,88
SUPERSOFT,28,0.9269999999999925,1.2998674698795172,83
SUPERSOFT,29,0.8770000000000095,1.2067721518987333,79
SUPERSOFT,30,1.0390000000000015,1.3242676056338019,71
SUPERSOFT,31,0.9759999999999991,1.3021470588235275,68
SUPERSOFT,32,1.0575000000000045,1.3688676470588226,68
SUPERSOFT,33,0.8619999999999948,1.2901940298507455,67
SUPERSOFT,34,1.0854999999999961,1.2075999999999998,60
SUPERSOFT,35,0.9810000000000016,1.221923076923076,52
SUPERSOFT,36,0.8669999999999902,1.1689215686274501,51
SUPERSOFT,37,1.0444999999999993,1.3557916666666658,48
SUPERSOFT,38,1.2520000000000095,1.4515208333333325,48
SUPERSOFT,39,1.2339999999999947,1.3659111111111097,45
SUPERSOFT,40,1.0159999999999911,1.28497619047619,42
SUPERSOFT,41,1.1219999999999999,1.3339230769230772,39
SUPERSOFT,42,1.024000000000001,1.1722702702702694,37
SUPERSOFT,43,0.8369999999999891,1.125285714285713,35
SUPERSOFT,44,0.8930000000000007,1.2726562499999985,32
SUPERSOFT,45,0.6340000000000003,0.9311290322580621,31
SUPERSOFT,46,0.7620000000000005,0.9857096774193553,31
SUPERSOFT,47,0.6210000000000022,0.9354642857142862,28
ULTRASOFT,2,0.8129999999999953,1.1059848484848482,66
ULTRASOFT,3,1.0239999999999867,1.4986461538461529,65
ULTRASOFT,4,1.3059999999999974,1.829295454545454,88
ULTRASOFT,5,1.5130000000000052,1.8688272727272728,110
ULTRASOFT,6,1.399000000000001,1.5901596638655462,119
ULTRASOFT,7,1.061000000000007,1.33837037037037,135
ULTRASOFT,8,1.2065000000000055,1.5894178082191779,146
ULTRASOFT,9,1.1400000000000006,1.5215222929936298,157
ULTRASOFT,10,1.1479999999999961,1.4789455782312928,147
ULTRASOFT,11,1.028500000000001,1.361486111111111,144
ULTRASOFT,12,1.0549999999999997,1.3193450704225351,142
ULTRASOFT,13,0.9840000000000089,1.2080697674418612,129
ULTRASOFT,14,1.0540000000000092,1.2630737704918034,122
ULTRASOFT,15,0.9410000000000025,1.2851061946902658,113
ULTRASOFT,16,0.931999999999988,1.1787920792079205,101
ULTRASOFT,17,0.8629999999999995,1.227666666666666,93
ULTRASOFT,18,0.7219999999999942,1.2146046511627908,86
ULTRASOFT,19,0.8439999999999941,1.1965287356321832,87
ULTRASOFT,20,0.742999999999995,1.1198701298701295,77
ULTRASOFT,21,0.8519999999999968,1.283028571428571,70
ULTRASOFT,22,0.9129999999999967,1.1612205882352933,68
ULTRASOFT,23,0.8584999999999923,1.2436562500000001,64
ULTRASOFT,24,1.0664999999999978,1.5100333333333333,60
ULTRASOFT,25,0.7204999999999941,1.3466071428571424,56
ULTRASOFT,26,1.1479999999999961,1.4427058823529395,51
ULTRASOFT,27,0.6580000000000013,1.1187659574468087,47
ULTRASOFT,28,0.722999999999999,1.3389069767441872,43
ULTRASOFT,29,0.5739999999999981,1.3072857142857148,42
ULTRASOFT,30,0.6509999999999962,1.1312000000000004,35
ULTRASOFT,31,0.6950000000000074,1.2606666666666655,33
ULTRASOFT,32,0.847999999999999,1.0844594594594588,37
ULTRASOFT,33,0.6809999999999974,1.0498620689655167,29
ULTRASOFT,34,0.527000000000001,1.0194444444444453,27
ULTRASOFT,35,0.5750000000000028,1.0885185185185184,27
WET,3,10.936000000000007,9.54103448275862,29
WET,4,4.674499999999995,5.208045454545455,44
WET,5,3.336999999999996,4.269690476190477,42
WET,6,3.120999999999995,4.359162162162162,37
WET,7,5.319000000000003,4.240515151515153,33
WET,8,4.694000000000003,3.859900000000001,30
WET,9,4.4650000000000105,3.7602500000000005,28
WET,10,4.067999999999998,3.3908400000000007,25
